SHIP_ID,SPEED,LON,LAT,COURSE,HEADING,TIMESTAMP,Departure_Port_Name,Reported_Draught
0x3b62baab6210a8e69d3e7f9df53d000c83d00fd0,2,15.247220,37.287770,163,511,01-06-15 0:00,AUGUSTA,
0x0fe9acdb3675a8a2942fafbd4af61bc37e44c0ec,146,23.694910,37.313620,13,15,01-06-15 0:00,SALERNO,88
0xb35dc6acdc29f2241296c44384fa2b0f7044d257,20,15.669920,38.387740,339,339,01-06-15 0:00,MESSINA,66
0x9c2f4a52cefcef0b47d4caa7b809e89ee5825e39,0,10.322850,42.811080,72,301,01-06-15 0:00,PORTO FERRAIO,
0x8bf0e9618067d23eec5eea61d274af4b13fee7f9,197,24.489080,36.193870,146,511,01-06-15 0:01,PIRAEUS,
0x1618b2bca3eb2fd6338f5456f03e02e7dbd3c9bd,95,27.463950,36.632680,113,511,01-06-15 0:01,ALIAGA,56
0xab4f81945b77948a5e965192cf8c04f967f8aaf7,0,12.321830,37.934170,46,511,01-06-15 0:01,AUGUSTA,46
0x5aa8e2337c112b6369c0c5e09a7fba81f9df7ef4,86,15.628790,38.223900,260,511,01-06-15 0:01,VILLA SAN GIOVANNI,
0xcd5d32ea8b221264963561ceab14ad55f1aacba1,1,17.216050,40.449580,93,199,01-06-15 0:01,TARANTO,91
0x3b62baab6210a8e69d3e7f9df53d000c83d00fd0,1,15.248080,37.287340,72,511,01-06-15 0:02,AUGUSTA,
0xfba45ad52063daf3b71d1f91a81ac6efa114e51f,113,15.569970,38.210060,100,511,01-06-15 0:02,VILLA SAN GIOVANNI,
0xb35dc6acdc29f2241296c44384fa2b0f7044d257,20,15.664930,38.398210,338,338,01-06-15 0:02,MESSINA,66
0x8bf0e9618067d23eec5eea61d274af4b13fee7f9,197,24.497690,36.183300,146,511,01-06-15 0:03,PIRAEUS,
0x1618b2bca3eb2fd6338f5456f03e02e7dbd3c9bd,96,27.471620,36.630250,112,511,01-06-15 0:03,ALIAGA,56
0x0fe9acdb3675a8a2942fafbd4af61bc37e44c0ec,148,23.698440,37.325570,12,15,01-06-15 0:03,SALERNO,88
0x5aa8e2337c112b6369c0c5e09a7fba81f9df7ef4,98,15.622210,38.223480,265,511,01-06-15 0:03,VILLA SAN GIOVANNI,
0x48e8c84531340860ed203276a66020746e64c222,0,10.323830,42.812250,286,123,01-06-15 0:03,PIOMBINO,
0x3b62baab6210a8e69d3e7f9df53d000c83d00fd0,4,15.248190,37.287530,329,511,01-06-15 0:04,AUGUSTA,
0xfba45ad52063daf3b71d1f91a81ac6efa114e51f,121,15.578130,38.208770,103,511,01-06-15 0:04,MESSINA,
0xb35dc6acdc29f2241296c44384fa2b0f7044d257,20,15.659680,38.408570,338,339,01-06-15 0:04,MESSINA,66
0x8bf0e9618067d23eec5eea61d274af4b13fee7f9,196,24.505240,36.174150,146,511,01-06-15 0:05,PIRAEUS,
0x5aa8e2337c112b6369c0c5e09a7fba81f9df7ef4,10,15.615150,38.223160,265,511,01-06-15 0:05,VILLA SAN GIOVANNI,
0x3b62baab6210a8e69d3e7f9df53d000c83d00fd0,32,15.247930,37.288100,341,511,01-06-15 0:06,AUGUSTA,
0x1b7a5af433ea67fcd520f9b91c7ab8239ce3e82d,0,23.612920,37.958660,11,511,01-06-15 0:06,PIRAEUS,
0xfba45ad52063daf3b71d1f91a81ac6efa114e51f,124,15.588000,38.207090,103,511,01-06-15 0:06,MESSINA,
0xb35dc6acdc29f2241296c44384fa2b0f7044d257,198,15.653610,38.420880,337,337,01-06-15 0:06,MESSINA,66
0xfe073300f836e13dfa043d1a0acb9d7ef2cc4bff,0,14.261170,40.842500,51,511,01-06-15 0:06,PROCIDA ,
0x8bf0e9618067d23eec5eea61d274af4b13fee7f9,196,24.512740,36.165130,145,511,01-06-15 0:07,PIRAEUS,
0x1618b2bca3eb2fd6338f5456f03e02e7dbd3c9bd,96,27.481780,36.626820,112,511,01-06-15 0:07,ALIAGA,56
0x0fe9acdb3675a8a2942fafbd4af61bc37e44c0ec,145,23.702300,37.337980,14,16,01-06-15 0:07,SALERNO,88
0xeb5b81ca5adb818f7e5ea3455325ce02de91f351,0,23.641000,37.944670,132,511,01-06-15 0:07,AEGINA,
0xec48bbd13482c7145ae6f88f95091e248338fcf2,0,23.605430,37.950050,0,337,01-06-15 0:07,PIRAEUS,
0x407e7fbe284326248f8cf440155cc4a2d07443e3,1,15.562110,38.209350,161,240,01-06-15 0:07,VILLA SAN GIOVANNI,
0x5aa8e2337c112b6369c0c5e09a7fba81f9df7ef4,102,15.608100,38.222550,262,511,01-06-15 0:07,VILLA SAN GIOVANNI,
0xf8340a46fb9efffd1dc790f20bd79eb782e2ee32,1,14.242600,40.564830,201,112,01-06-15 0:07,SALERNO,
0xfba45ad52063daf3b71d1f91a81ac6efa114e51f,128,15.596720,38.206130,93,511,01-06-15 0:08,MESSINA,
0xc42dbc4bbd13a1903affdc73445da8506c99ce72,0,16.128750,38.735320,248,249,01-06-15 0:08,AUGUSTA,56
0x8bf0e9618067d23eec5eea61d274af4b13fee7f9,197,24.521090,36.155190,145,511,01-06-15 0:09,PIRAEUS,
0x1618b2bca3eb2fd6338f5456f03e02e7dbd3c9bd,96,27.487930,36.624720,112,511,01-06-15 0:09,ALIAGA,56
0x3b62baab6210a8e69d3e7f9df53d000c83d00fd0,1,15.247070,37.289510,183,511,01-06-15 0:09,AUGUSTA,
0x0fe9acdb3675a8a2942fafbd4af61bc37e44c0ec,143,23.704810,37.345560,14,15,01-06-15 0:09,SALERNO,88
0xd7346cada730e2d31358072f99b9f91a8cfad78a,0,15.523800,38.131600,202,511,01-06-15 0:09,VILLA SAN GIOVANNI,
0x5aa8e2337c112b6369c0c5e09a7fba81f9df7ef4,102,15.601000,38.221560,255,511,01-06-15 0:09,VILLA SAN GIOVANNI,
0x3043ddc13e32d399f5a9ddddd4366753fac037ed,0,10.922530,42.366710,33,278,01-06-15 0:09,PIOMBINO,20
0x365a69834c43a4457fe1a2c11b459fa472b470db,1,15.292000,37.125600,30,307,01-06-15 0:10,AUGUSTA,113
0xfba45ad52063daf3b71d1f91a81ac6efa114e51f,118,15.605430,38.207010,66,511,01-06-15 0:10,MESSINA,
0xd5d68e374383c39b1b61cbdf42466ed4d5d9bf90,0,15.632630,38.216450,269,511,01-06-15 0:10,MESSINA,
0xb35dc6acdc29f2241296c44384fa2b0f7044d257,199,15.644950,38.438630,338,338,01-06-15 0:10,MESSINA,66
0x1618b2bca3eb2fd6338f5456f03e02e7dbd3c9bd,96,27.495570,36.622180,112,511,01-06-15 0:11,ALIAGA,56
0x3b62baab6210a8e69d3e7f9df53d000c83d00fd0,12,15.247430,37.289060,131,511,01-06-15 0:11,AUGUSTA,
0x0fe9acdb3675a8a2942fafbd4af61bc37e44c0ec,142,23.707220,37.353250,13,16,01-06-15 0:11,SALERNO,88
0x808e10442d2044398b5df8609e3c33dbdc33abe2,0,23.650610,37.933390,0,2,01-06-15 0:11,PERAMA,
0x262ad07f2496546c69382ac9331b415e200bf08b,0,23.614910,37.944690,0,511,01-06-15 0:11,PIRAEUS,
0x5aa8e2337c112b6369c0c5e09a7fba81f9df7ef4,103,15.594110,38.219970,252,511,01-06-15 0:11,VILLA SAN GIOVANNI,
0x577f07ab34216d10f532b93d183e7c9401023d06,0,15.633170,38.216500,112,511,01-06-15 0:12,MESSINA,
0x8bf0e9618067d23eec5eea61d274af4b13fee7f9,198,24.533390,36.140660,146,511,01-06-15 0:12,PIRAEUS,
0xfba45ad52063daf3b71d1f91a81ac6efa114e51f,113,15.611890,38.210810,45,511,01-06-15 0:12,MESSINA,
0x07e9393e92a0bf6b7eaccb0e2dfecaf03981d82c,1,15.632510,38.220970,152,511,01-06-15 0:12,MESSINA,
0xb35dc6acdc29f2241296c44384fa2b0f7044d257,199,15.638980,38.450980,339,339,01-06-15 0:12,MESSINA,66
0x0fe9acdb3675a8a2942fafbd4af61bc37e44c0ec,142,23.709680,37.360990,14,16,01-06-15 0:13,SALERNO,88
0xb0d2368162b09e196bc79ddb2af1f2ad4737844d,0,15.652170,38.125830,284,511,01-06-15 0:13,VILLA SAN GIOVANNI,
0x5aa8e2337c112b6369c0c5e09a7fba81f9df7ef4,99,15.587620,38.217830,246,511,01-06-15 0:13,VILLA SAN GIOVANNI,
0x58f685e49a7f6fe919d77aebf8af33bfea91d0d6,0,14.115890,40.823610,0,511,01-06-15 0:13,PROCIDA ,28
0x1618b2bca3eb2fd6338f5456f03e02e7dbd3c9bd,97,27.505330,36.618970,111,511,01-06-15 0:14,ALIAGA,56
0x3b62baab6210a8e69d3e7f9df53d000c83d00fd0,23,15.247870,37.286990,134,511,01-06-15 0:14,AUGUSTA,
0xfba45ad52063daf3b71d1f91a81ac6efa114e51f,118,15.616910,38.215870,36,511,01-06-15 0:14,MESSINA,
0xb35dc6acdc29f2241296c44384fa2b0f7044d257,199,15.633350,38.461150,334,334,01-06-15 0:14,MESSINA,66
0x8bf0e9618067d23eec5eea61d274af4b13fee7f9,198,24.545360,36.126570,145,511,01-06-15 0:15,PIRAEUS,
0x0fe9acdb3675a8a2942fafbd4af61bc37e44c0ec,143,23.712380,37.369010,15,17,01-06-15 0:15,SALERNO,88
0xec48bbd13482c7145ae6f88f95091e248338fcf2,1,23.605430,37.950050,66,337,01-06-15 0:15,PIRAEUS,
0x88c932a9608bf19c92d1b5e1b0ea7237d30a7cb0,49,15.524520,38.132420,241,511,01-06-15 0:15,VILLA SAN GIOVANNI,
0x5aa8e2337c112b6369c0c5e09a7fba81f9df7ef4,97,15.581340,38.215570,242,511,01-06-15 0:15,VILLA SAN GIOVANNI,
0x86b41c591b46dee7d79e435609ad7156116d2960,0,13.939430,40.745270,137,144,01-06-15 0:15,PROCIDA ,
0x58f685e49a7f6fe919d77aebf8af33bfea91d0d6,24,14.116660,40.823640,91,511,01-06-15 0:15,PROCIDA ,28
0xf867f4e189e196d53f88733d1d542c99cac7f338,0,10.325820,42.813360,287,315,01-06-15 0:15,PIOMBINO,
0x3b62baab6210a8e69d3e7f9df53d000c83d00fd0,36,15.247380,37.288290,273,511,01-06-15 0:16,AUGUSTA,
0xfba45ad52063daf3b71d1f91a81ac6efa114e51f,117,15.622900,38.221150,45,511,01-06-15 0:16,MESSINA,
0xb35dc6acdc29f2241296c44384fa2b0f7044d257,199,15.627600,38.471270,335,335,01-06-15 0:16,MESSINA,66
0x1618b2bca3eb2fd6338f5456f03e02e7dbd3c9bd,97,27.514700,36.616000,111,511,01-06-15 0:17,ALIAGA,56
0x0fe9acdb3675a8a2942fafbd4af61bc37e44c0ec,144,23.715200,37.376610,16,17,01-06-15 0:17,SALERNO,88
0xec48bbd13482c7145ae6f88f95091e248338fcf2,1,23.605370,37.950020,0,337,01-06-15 0:17,PIRAEUS,
0x5aa8e2337c112b6369c0c5e09a7fba81f9df7ef4,92,15.574840,38.213010,246,511,01-06-15 0:17,VILLA SAN GIOVANNI,
0x58f685e49a7f6fe919d77aebf8af33bfea91d0d6,0,14.117560,40.823640,0,511,01-06-15 0:17,PROCIDA ,28
0xf224132486e5c23dbe8e2ce78099c296495c5779,0,14.503390,35.879450,5,511,01-06-15 0:18,MESSINA,45
0x8bf0e9618067d23eec5eea61d274af4b13fee7f9,198,24.553870,36.116650,145,511,01-06-15 0:18,PIRAEUS,
0xb35dc6acdc29f2241296c44384fa2b0f7044d257,198,15.621850,38.482570,337,336,01-06-15 0:18,MESSINA,66
0x3b62baab6210a8e69d3e7f9df53d000c83d00fd0,31,15.248010,37.286860,63,511,01-06-15 0:19,AUGUSTA,
0x0fe9acdb3675a8a2942fafbd4af61bc37e44c0ec,144,23.718100,37.384760,15,17,01-06-15 0:19,SALERNO,88
0xfba45ad52063daf3b71d1f91a81ac6efa114e51f,34,15.632440,38.223440,138,511,01-06-15 0:19,MESSINA,
0x53a9d0093c0aff12fcc97ee1980bb9195e9181a9,0,14.781450,40.641950,331,166,01-06-15 0:19,SALERNO,56
0xb2da98e531a9ff33be9af3dd7d4f164db0e0988d,0,14.754720,40.655920,220,0,01-06-15 0:19,SALERNO,55
0xd7346cada730e2d31358072f99b9f91a8cfad78a,54,15.524930,38.132300,52,511,01-06-15 0:20,VILLA SAN GIOVANNI,
0x8bf0e9618067d23eec5eea61d274af4b13fee7f9,198,24.563150,36.105950,144,511,01-06-15 0:20,PIRAEUS,
0x1618b2bca3eb2fd6338f5456f03e02e7dbd3c9bd,96,27.523970,36.613030,114,511,01-06-15 0:20,ALIAGA,56
0x3b62baab6210a8e69d3e7f9df53d000c83d00fd0,39,15.247030,37.288100,260,511,01-06-15 0:21,AUGUSTA,
0x0fe9acdb3675a8a2942fafbd4af61bc37e44c0ec,144,23.720830,37.392400,15,16,01-06-15 0:21,SALERNO,88
0x5aa8e2337c112b6369c0c5e09a7fba81f9df7ef4,59,15.564550,38.210360,265,511,01-06-15 0:21,VILLA SAN GIOVANNI,
0xb35dc6acdc29f2241296c44384fa2b0f7044d257,198,15.613470,38.498880,337,336,01-06-15 0:21,MESSINA,66
0x3737a4149ff43e3a270840b16e1055b02d0251d1,0,14.262070,40.843430,155,154,01-06-15 0:21,CAPRI,
0x9c2f4a52cefcef0b47d4caa7b809e89ee5825e39,0,10.322880,42.811050,107,301,01-06-15 0:21,PORTO FERRAIO,
0x8bf0e9618067d23eec5eea61d274af4b13fee7f9,20,24.571450,36.096390,144,511,01-06-15 0:22,PIRAEUS,
0x1618b2bca3eb2fd6338f5456f03e02e7dbd3c9bd,97,27.530950,36.610470,114,511,01-06-15 0:23,ALIAGA,56
0x3b62baab6210a8e69d3e7f9df53d000c83d00fd0,39,15.247600,37.286500,108,511,01-06-15 0:23,AUGUSTA,
0x0fe9acdb3675a8a2942fafbd4af61bc37e44c0ec,143,23.723530,37.400220,15,16,01-06-15 0:23,SALERNO,88
0x5aa8e2337c112b6369c0c5e09a7fba81f9df7ef4,3,15.562460,38.210410,143,511,01-06-15 0:23,VILLA SAN GIOVANNI,
0x48e8c84531340860ed203276a66020746e64c222,0,10.323830,42.812250,14,123,01-06-15 0:23,PIOMBINO,
0x07e9393e92a0bf6b7eaccb0e2dfecaf03981d82c,42,15.632000,38.221090,281,511,01-06-15 0:24,MESSINA,
0xb35dc6acdc29f2241296c44384fa2b0f7044d257,199,15.605580,38.514370,338,338,01-06-15 0:24,MESSINA,66
0x8bf0e9618067d23eec5eea61d274af4b13fee7f9,20,24.583750,36.082330,145,511,01-06-15 0:25,PIRAEUS,
0x1618b2bca3eb2fd6338f5456f03e02e7dbd3c9bd,98,27.537150,36.608230,114,511,01-06-15 0:25,ALIAGA,56
0x0fe9acdb3675a8a2942fafbd4af61bc37e44c0ec,143,23.726260,37.407880,16,17,01-06-15 0:25,SALERNO,88
0x07e9393e92a0bf6b7eaccb0e2dfecaf03981d82c,103,15.625600,38.221400,274,511,01-06-15 0:26,VILLA SAN GIOVANNI,
0x1618b2bca3eb2fd6338f5456f03e02e7dbd3c9bd,98,27.543350,36.605950,114,511,01-06-15 0:27,ALIAGA,56
0x3b62baab6210a8e69d3e7f9df53d000c83d00fd0,1,15.247950,37.286530,231,511,01-06-15 0:27,AUGUSTA,
0x0fe9acdb3675a8a2942fafbd4af61bc37e44c0ec,143,23.728960,37.415450,16,17,01-06-15 0:27,SALERNO,88
0xeb5b81ca5adb818f7e5ea3455325ce02de91f351,0,23.641000,37.944670,281,511,01-06-15 0:27,AEGINA,
0xb35dc6acdc29f2241296c44384fa2b0f7044d257,199,15.599860,38.525730,339,339,01-06-15 0:27,MESSINA,66
0xb35dc6acdc29f2241296c44384fa2b0f7044d257,199,15.599860,38.525730,339,339,01-06-15 0:27,MESSINA,66
0x07e9393e92a0bf6b7eaccb0e2dfecaf03981d82c,111,15.617910,38.222400,281,511,01-06-15 0:28,VILLA SAN GIOVANNI,
0x8bf0e9618067d23eec5eea61d274af4b13fee7f9,205,24.596370,36.068190,145,511,01-06-15 0:28,PIRAEUS,
0xf8340a46fb9efffd1dc790f20bd79eb782e2ee32,1,14.242640,40.564650,20,111,01-06-15 0:28,SALERNO,
0x1618b2bca3eb2fd6338f5456f03e02e7dbd3c9bd,98,27.549550,36.603720,113,511,01-06-15 0:29,ALIAGA,56
0x0fe9acdb3675a8a2942fafbd4af61bc37e44c0ec,142,23.731810,37.423010,15,16,01-06-15 0:29,SALERNO,88
0xc42dbc4bbd13a1903affdc73445da8506c99ce72,0,16.128670,38.735330,244,244,01-06-15 0:29,AUGUSTA,56
0xfe073300f836e13dfa043d1a0acb9d7ef2cc4bff,0,14.261170,40.842330,51,511,01-06-15 0:29,PROCIDA ,
0x1b7a5af433ea67fcd520f9b91c7ab8239ce3e82d,0,23.612970,37.958690,330,511,01-06-15 0:30,PIRAEUS,
0x88c932a9608bf19c92d1b5e1b0ea7237d30a7cb0,49,15.525480,38.132770,62,511,01-06-15 0:30,VILLA SAN GIOVANNI,
0x407e7fbe284326248f8cf440155cc4a2d07443e3,0,15.562100,38.209340,118,240,01-06-15 0:30,VILLA SAN GIOVANNI,
0x07e9393e92a0bf6b7eaccb0e2dfecaf03981d82c,89,15.610960,38.223480,283,511,01-06-15 0:30,VILLA SAN GIOVANNI,
0xb35dc6acdc29f2241296c44384fa2b0f7044d257,199,15.592270,38.541250,339,339,01-06-15 0:30,MESSINA,66
0x365a69834c43a4457fe1a2c11b459fa472b470db,0,15.292020,37.125600,245,307,01-06-15 0:31,AUGUSTA,113
0x8bf0e9618067d23eec5eea61d274af4b13fee7f9,205,24.608820,36.054330,143,511,01-06-15 0:31,PIRAEUS,
0x1618b2bca3eb2fd6338f5456f03e02e7dbd3c9bd,98,27.555820,36.601530,113,511,01-06-15 0:31,ALIAGA,56
0x0fe9acdb3675a8a2942fafbd4af61bc37e44c0ec,142,23.734700,37.430670,16,14,01-06-15 0:31,SALERNO,88
0xab4f81945b77948a5e965192cf8c04f967f8aaf7,0,12.321830,37.934170,86,511,01-06-15 0:31,AUGUSTA,46
0xd5d68e374383c39b1b61cbdf42466ed4d5d9bf90,0,15.632620,38.216430,326,511,01-06-15 0:31,MESSINA,
0xcd5d32ea8b221264963561ceab14ad55f1aacba1,1,17.216090,40.449640,93,196,01-06-15 0:31,TARANTO,91
0x07e9393e92a0bf6b7eaccb0e2dfecaf03981d82c,79,15.605730,38.225370,314,511,01-06-15 0:32,VILLA SAN GIOVANNI,
0xb35dc6acdc29f2241296c44384fa2b0f7044d257,198,15.585680,38.554680,339,339,01-06-15 0:32,MESSINA,66
0x86b41c591b46dee7d79e435609ad7156116d2960,12,13.940270,40.744650,101,103,01-06-15 0:32,PROCIDA ,
0x1618b2bca3eb2fd6338f5456f03e02e7dbd3c9bd,98,27.563080,36.598950,113,511,01-06-15 0:33,ALIAGA,56
0x0fe9acdb3675a8a2942fafbd4af61bc37e44c0ec,141,23.737010,37.438310,12,13,01-06-15 0:33,SALERNO,88
0xb0d2368162b09e196bc79ddb2af1f2ad4737844d,0,15.652170,38.125830,284,511,01-06-15 0:33,VILLA SAN GIOVANNI,
0x8bf0e9618067d23eec5eea61d274af4b13fee7f9,204,24.621570,36.040060,144,511,01-06-15 0:34,PIRAEUS,
0x262ad07f2496546c69382ac9331b415e200bf08b,0,23.614900,37.944690,0,511,01-06-15 0:34,PIRAEUS,
0x577f07ab34216d10f532b93d183e7c9401023d06,1,15.633180,38.216510,160,511,01-06-15 0:34,MESSINA,
0x07e9393e92a0bf6b7eaccb0e2dfecaf03981d82c,101,15.599460,38.226310,251,511,01-06-15 0:34,VILLA SAN GIOVANNI,
0x0fe9acdb3675a8a2942fafbd4af61bc37e44c0ec,141,23.739340,37.445970,12,12,01-06-15 0:35,SALERNO,88
0x808e10442d2044398b5df8609e3c33dbdc33abe2,0,23.650630,37.933390,0,2,01-06-15 0:35,PERAMA,
0xb35dc6acdc29f2241296c44384fa2b0f7044d257,199,15.579100,38.568100,338,337,01-06-15 0:35,MESSINA,66
0x86b41c591b46dee7d79e435609ad7156116d2960,66,13.942020,40.746820,31,30,01-06-15 0:35,PROCIDA ,
0x1618b2bca3eb2fd6338f5456f03e02e7dbd3c9bd,99,27.574130,36.595180,113,511,01-06-15 0:36,ALIAGA,56
0x07e9393e92a0bf6b7eaccb0e2dfecaf03981d82c,114,15.593580,38.222620,221,511,01-06-15 0:36,VILLA SAN GIOVANNI,
0x3043ddc13e32d399f5a9ddddd4366753fac037ed,0,10.922540,42.366710,33,278,01-06-15 0:36,PIOMBINO,20
0x8bf0e9618067d23eec5eea61d274af4b13fee7f9,204,24.631900,36.028550,145,511,01-06-15 0:37,PIRAEUS,
0x0fe9acdb3675a8a2942fafbd4af61bc37e44c0ec,141,23.741460,37.453550,12,13,01-06-15 0:37,SALERNO,88
0xec48bbd13482c7145ae6f88f95091e248338fcf2,0,23.605450,37.950040,0,337,01-06-15 0:37,PIRAEUS,
0x07e9393e92a0bf6b7eaccb0e2dfecaf03981d82c,112,15.587520,38.218730,235,511,01-06-15 0:38,VILLA SAN GIOVANNI,
0xb35dc6acdc29f2241296c44384fa2b0f7044d257,199,15.572290,38.582610,339,338,01-06-15 0:38,MESSINA,66
0x58f685e49a7f6fe919d77aebf8af33bfea91d0d6,0,14.117620,40.823610,0,511,01-06-15 0:38,PROCIDA ,28
0xf224132486e5c23dbe8e2ce78099c296495c5779,0,14.503260,35.879550,5,511,01-06-15 0:39,MESSINA,45
0x8bf0e9618067d23eec5eea61d274af4b13fee7f9,204,24.641680,36.017480,145,511,01-06-15 0:39,PIRAEUS,
0x1618b2bca3eb2fd6338f5456f03e02e7dbd3c9bd,98,27.582300,36.592130,114,511,01-06-15 0:39,ALIAGA,56
0x1618b2bca3eb2fd6338f5456f03e02e7dbd3c9bd,98,27.582300,36.592130,114,511,01-06-15 0:39,ALIAGA,56
0x0fe9acdb3675a8a2942fafbd4af61bc37e44c0ec,14,23.743800,37.461290,12,13,01-06-15 0:39,SALERNO,88
0x5aa8e2337c112b6369c0c5e09a7fba81f9df7ef4,38,15.562660,38.210360,90,511,01-06-15 0:39,VILLA SAN GIOVANNI,
0x07e9393e92a0bf6b7eaccb0e2dfecaf03981d82c,107,15.581050,38.215520,240,511,01-06-15 0:40,VILLA SAN GIOVANNI,
0xfba45ad52063daf3b71d1f91a81ac6efa114e51f,13,15.632560,38.223110,332,511,01-06-15 0:40,MESSINA,
0xb35dc6acdc29f2241296c44384fa2b0f7044d257,199,15.565500,38.597180,339,338,01-06-15 0:40,MESSINA,66
0x53a9d0093c0aff12fcc97ee1980bb9195e9181a9,0,14.781380,40.641850,217,148,01-06-15 0:40,SALERNO,56
0xb2da98e531a9ff33be9af3dd7d4f164db0e0988d,1,14.754720,40.655700,190,342,01-06-15 0:40,SALERNO,55
0xf867f4e189e196d53f88733d1d542c99cac7f338,1,10.325820,42.813360,4,317,01-06-15 0:40,PIOMBINO,
0x0fe9acdb3675a8a2942fafbd4af61bc37e44c0ec,14,23.745940,37.468890,12,13,01-06-15 0:41,SALERNO,88
0x8bf0e9618067d23eec5eea61d274af4b13fee7f9,204,24.651330,36.006530,144,511,01-06-15 0:42,PIRAEUS,
0x1618b2bca3eb2fd6338f5456f03e02e7dbd3c9bd,98,27.590630,36.589120,113,511,01-06-15 0:42,ALIAGA,56
0x5aa8e2337c112b6369c0c5e09a7fba81f9df7ef4,101,15.571670,38.209750,101,511,01-06-15 0:42,VILLA SAN GIOVANNI,
0x07e9393e92a0bf6b7eaccb0e2dfecaf03981d82c,106,15.573480,38.212820,251,511,01-06-15 0:42,VILLA SAN GIOVANNI,
0xfba45ad52063daf3b71d1f91a81ac6efa114e51f,103,15.626850,38.223830,270,511,01-06-15 0:42,MESSINA,
0x9c2f4a52cefcef0b47d4caa7b809e89ee5825e39,0,10.322880,42.811050,343,301,01-06-15 0:42,PORTO FERRAIO,
0x0fe9acdb3675a8a2942fafbd4af61bc37e44c0ec,14,23.748000,37.476440,12,13,01-06-15 0:43,SALERNO,88
0xb35dc6acdc29f2241296c44384fa2b0f7044d257,199,15.560160,38.608720,339,338,01-06-15 0:43,MESSINA,66
0x48e8c84531340860ed203276a66020746e64c222,0,10.323770,42.812130,11,123,01-06-15 0:43,PIOMBINO,
0x8bf0e9618067d23eec5eea61d274af4b13fee7f9,203,24.661490,35.995000,144,511,01-06-15 0:44,PIRAEUS,
0x1618b2bca3eb2fd6338f5456f03e02e7dbd3c9bd,98,27.596280,36.587130,113,511,01-06-15 0:44,ALIAGA,56
0x0fe9acdb3675a8a2942fafbd4af61bc37e44c0ec,139,23.750160,37.484040,12,12,01-06-15 0:45,SALERNO,88
0x5aa8e2337c112b6369c0c5e09a7fba81f9df7ef4,102,15.582840,38.208160,100,511,01-06-15 0:45,MESSINA,
0x3737a4149ff43e3a270840b16e1055b02d0251d1,0,14.262050,40.843410,151,154,01-06-15 0:45,CAPRI,
0xfba45ad52063daf3b71d1f91a81ac6efa114e51f,117,15.614130,38.222680,260,511,01-06-15 0:46,VILLA SAN GIOVANNI,
0xb35dc6acdc29f2241296c44384fa2b0f7044d257,199,15.552050,38.626250,340,340,01-06-15 0:46,MESSINA,66
0x1618b2bca3eb2fd6338f5456f03e02e7dbd3c9bd,99,27.606150,36.583600,112,511,01-06-15 0:47,ALIAGA,56
0x8bf0e9618067d23eec5eea61d274af4b13fee7f9,204,24.671200,35.983920,144,511,01-06-15 0:47,PIRAEUS,
0x3b62baab6210a8e69d3e7f9df53d000c83d00fd0,1,15.247200,37.286040,226,511,01-06-15 0:47,AUGUSTA,
0x0fe9acdb3675a8a2942fafbd4af61bc37e44c0ec,139,23.752240,37.491620,12,13,01-06-15 0:47,SALERNO,88
0xeb5b81ca5adb818f7e5ea3455325ce02de91f351,0,23.641000,37.944670,280,511,01-06-15 0:48,AEGINA,
0x5aa8e2337c112b6369c0c5e09a7fba81f9df7ef4,102,15.593990,38.206990,95,511,01-06-15 0:48,MESSINA,
0xfba45ad52063daf3b71d1f91a81ac6efa114e51f,116,15.605760,38.221150,253,511,01-06-15 0:48,VILLA SAN GIOVANNI,
0xb35dc6acdc29f2241296c44384fa2b0f7044d257,199,15.546700,38.637790,340,339,01-06-15 0:48,MESSINA,66
0x1618b2bca3eb2fd6338f5456f03e02e7dbd3c9bd,98,27.614480,36.580680,113,511,01-06-15 0:49,ALIAGA,56
0x0fe9acdb3675a8a2942fafbd4af61bc37e44c0ec,139,23.754470,37.499630,13,14,01-06-15 0:49,SALERNO,88
0xfba45ad52063daf3b71d1f91a81ac6efa114e51f,113,15.598050,38.219020,248,511,01-06-15 0:50,VILLA SAN GIOVANNI,
0xc42dbc4bbd13a1903affdc73445da8506c99ce72,0,16.128670,38.735330,240,241,01-06-15 0:50,AUGUSTA,56
0x0fe9acdb3675a8a2942fafbd4af61bc37e44c0ec,14,23.756620,37.507260,12,13,01-06-15 0:51,SALERNO,88
0x5aa8e2337c112b6369c0c5e09a7fba81f9df7ef4,97,15.604600,38.206950,84,511,01-06-15 0:51,MESSINA,
0x1618b2bca3eb2fd6338f5456f03e02e7dbd3c9bd,98,27.623830,36.577350,114,511,01-06-15 0:52,ALIAGA,56
0x365a69834c43a4457fe1a2c11b459fa472b470db,0,15.291920,37.125510,163,312,01-06-15 0:52,AUGUSTA,113
0x1b7a5af433ea67fcd520f9b91c7ab8239ce3e82d,0,23.613000,37.958690,37,511,01-06-15 0:52,PIRAEUS,
0xd5d68e374383c39b1b61cbdf42466ed4d5d9bf90,0,15.632550,38.216460,205,511,01-06-15 0:52,MESSINA,
0xfba45ad52063daf3b71d1f91a81ac6efa114e51f,116,15.590480,38.216660,250,511,01-06-15 0:52,VILLA SAN GIOVANNI,
0xb35dc6acdc29f2241296c44384fa2b0f7044d257,199,15.538240,38.656020,340,339,01-06-15 0:52,MESSINA,66
0xfe073300f836e13dfa043d1a0acb9d7ef2cc4bff,0,14.261170,40.842330,51,511,01-06-15 0:52,PROCIDA ,
0x0fe9acdb3675a8a2942fafbd4af61bc37e44c0ec,142,23.758970,37.514960,13,13,01-06-15 0:53,SALERNO,88
0xb0d2368162b09e196bc79ddb2af1f2ad4737844d,0,15.652170,38.125830,353,511,01-06-15 0:53,VILLA SAN GIOVANNI,
0x407e7fbe284326248f8cf440155cc4a2d07443e3,0,15.562100,38.209340,202,239,01-06-15 0:53,VILLA SAN GIOVANNI,
0x5aa8e2337c112b6369c0c5e09a7fba81f9df7ef4,97,15.613480,38.209810,43,511,01-06-15 0:54,MESSINA,
0xfba45ad52063daf3b71d1f91a81ac6efa114e51f,118,15.582740,38.214470,250,511,01-06-15 0:54,VILLA SAN GIOVANNI,
0x577f07ab34216d10f532b93d183e7c9401023d06,1,15.633160,38.216530,172,511,01-06-15 0:54,MESSINA,
0xb35dc6acdc29f2241296c44384fa2b0f7044d257,199,15.532280,38.667810,338,338,01-06-15 0:54,MESSINA,66
0x1618b2bca3eb2fd6338f5456f03e02e7dbd3c9bd,98,27.632650,36.574230,113,511,01-06-15 0:55,ALIAGA,56
0x0fe9acdb3675a8a2942fafbd4af61bc37e44c0ec,143,23.761200,37.522690,12,13,01-06-15 0:55,SALERNO,88
0xcd5d32ea8b221264963561ceab14ad55f1aacba1,1,17.216170,40.449610,93,199,01-06-15 0:55,TARANTO,91
0xf8340a46fb9efffd1dc790f20bd79eb782e2ee32,1,14.242750,40.564780,200,111,01-06-15 0:55,SALERNO,
0xfba45ad52063daf3b71d1f91a81ac6efa114e51f,119,15.574850,38.212550,250,511,01-06-15 0:56,VILLA SAN GIOVANNI,
0xb35dc6acdc29f2241296c44384fa2b0f7044d257,199,15.527220,38.678250,340,339,01-06-15 0:56,MESSINA,66
0x0fe9acdb3675a8a2942fafbd4af61bc37e44c0ec,143,23.763450,37.530440,13,14,01-06-15 0:57,SALERNO,88
0x808e10442d2044398b5df8609e3c33dbdc33abe2,0,23.650620,37.933370,0,2,01-06-15 0:57,PERAMA,
0x5aa8e2337c112b6369c0c5e09a7fba81f9df7ef4,99,15.620990,38.215780,51,511,01-06-15 0:57,MESSINA,
0x3043ddc13e32d399f5a9ddddd4366753fac037ed,0,10.922530,42.366700,33,279,01-06-15 0:57,PIOMBINO,20
0x1618b2bca3eb2fd6338f5456f03e02e7dbd3c9bd,98,27.642050,36.570950,112,511,01-06-15 0:58,ALIAGA,56
0x262ad07f2496546c69382ac9331b415e200bf08b,0,23.614900,37.944690,0,511,01-06-15 0:58,PIRAEUS,
0xfba45ad52063daf3b71d1f91a81ac6efa114e51f,96,15.567190,38.210980,256,511,01-06-15 0:58,VILLA SAN GIOVANNI,
0x58f685e49a7f6fe919d77aebf8af33bfea91d0d6,0,14.117630,40.823610,0,511,01-06-15 0:58,PROCIDA ,28
0x0fe9acdb3675a8a2942fafbd4af61bc37e44c0ec,143,23.765800,37.538310,13,14,01-06-15 0:59,SALERNO,88
0xec48bbd13482c7145ae6f88f95091e248338fcf2,0,23.605450,37.950070,0,337,01-06-15 0:59,PIRAEUS,
0xb35dc6acdc29f2241296c44384fa2b0f7044d257,199,15.519650,38.693790,338,337,01-06-15 0:59,MESSINA,66
0xf224132486e5c23dbe8e2ce78099c296495c5779,0,14.503340,35.879510,5,511,01-06-15 1:00,MESSINA,45
0x5aa8e2337c112b6369c0c5e09a7fba81f9df7ef4,88,15.629660,38.220090,57,511,01-06-15 1:00,MESSINA,
0xf867f4e189e196d53f88733d1d542c99cac7f338,0,10.325820,42.813380,162,316,01-06-15 1:00,PIOMBINO,
0x1618b2bca3eb2fd6338f5456f03e02e7dbd3c9bd,98,27.651400,36.567700,113,511,01-06-15 1:01,ALIAGA,56
0x0fe9acdb3675a8a2942fafbd4af61bc37e44c0ec,143,23.768220,37.545980,13,13,01-06-15 1:01,SALERNO,88
0xab4f81945b77948a5e965192cf8c04f967f8aaf7,1,12.321830,37.934170,174,511,01-06-15 1:01,AUGUSTA,46
0xfba45ad52063daf3b71d1f91a81ac6efa114e51f,5,15.562440,38.210350,270,511,01-06-15 1:01,VILLA SAN GIOVANNI,
0xb35dc6acdc29f2241296c44384fa2b0f7044d257,198,15.514670,38.704160,339,338,01-06-15 1:01,MESSINA,66
0x53a9d0093c0aff12fcc97ee1980bb9195e9181a9,0,14.781170,40.641770,217,123,01-06-15 1:01,SALERNO,56
0xb2da98e531a9ff33be9af3dd7d4f164db0e0988d,1,14.754720,40.655150,134,319,01-06-15 1:01,SALERNO,55
0x0fe9acdb3675a8a2942fafbd4af61bc37e44c0ec,143,23.770580,37.553700,13,13,01-06-15 1:03,SALERNO,88
0x9c2f4a52cefcef0b47d4caa7b809e89ee5825e39,0,10.322870,42.811100,343,301,01-06-15 1:03,PORTO FERRAIO,
0x3b62baab6210a8e69d3e7f9df53d000c83d00fd0,5,15.248050,37.285710,137,511,01-06-15 1:03,AUGUSTA,
0xfba45ad52063daf3b71d1f91a81ac6efa114e51f,1,15.562380,38.210380,175,511,01-06-15 1:03,VILLA SAN GIOVANNI,
0x5aa8e2337c112b6369c0c5e09a7fba81f9df7ef4,0,15.632290,38.221010,65,511,01-06-15 1:03,MESSINA,
0xb35dc6acdc29f2241296c44384fa2b0f7044d257,198,15.509620,38.714610,340,339,01-06-15 1:03,MESSINA,66
0x48e8c84531340860ed203276a66020746e64c222,0,10.323750,42.812170,11,123,01-06-15 1:03,PIOMBINO,
0x92bc2be3f1262885e296efdcd113085ad96cff3a,0,10.545400,42.931120,319,511,01-06-15 1:03,PIOMBINO,27
0x1618b2bca3eb2fd6338f5456f03e02e7dbd3c9bd,99,27.660280,36.564570,113,511,01-06-15 1:04,ALIAGA,56
0x0fe9acdb3675a8a2942fafbd4af61bc37e44c0ec,143,23.772950,37.561300,14,14,01-06-15 1:05,SALERNO,88
0x3b62baab6210a8e69d3e7f9df53d000c83d00fd0,4,15.248150,37.285510,165,511,01-06-15 1:05,AUGUSTA,
0xb35dc6acdc29f2241296c44384fa2b0f7044d257,198,15.504610,38.724930,339,339,01-06-15 1:05,MESSINA,66
0x121e06dcc81000bb03cddf7e8281375b2009d4f1,0,10.549840,42.929880,0,511,01-06-15 1:05,PORTO FERRAIO,
0x1618b2bca3eb2fd6338f5456f03e02e7dbd3c9bd,99,27.669720,36.561370,113,511,01-06-15 1:07,ALIAGA,56
0x3b62baab6210a8e69d3e7f9df53d000c83d00fd0,5,15.248320,37.285290,154,511,01-06-15 1:07,AUGUSTA,
0x0fe9acdb3675a8a2942fafbd4af61bc37e44c0ec,144,23.775390,37.569170,14,14,01-06-15 1:07,SALERNO,88
0xb35dc6acdc29f2241296c44384fa2b0f7044d257,198,15.499440,38.735650,338,338,01-06-15 1:07,MESSINA,66
0x0fe9acdb3675a8a2942fafbd4af61bc37e44c0ec,144,23.777920,37.576810,14,13,01-06-15 1:09,SALERNO,88
0x3737a4149ff43e3a270840b16e1055b02d0251d1,0,14.262040,40.843430,190,154,01-06-15 1:09,CAPRI,
0x1618b2bca3eb2fd6338f5456f03e02e7dbd3c9bd,99,27.680180,36.557650,114,511,01-06-15 1:10,ALIAGA,56
0xb35dc6acdc29f2241296c44384fa2b0f7044d257,198,15.491740,38.751670,338,337,01-06-15 1:10,MESSINA,66
0x3b62baab6210a8e69d3e7f9df53d000c83d00fd0,5,15.248610,37.284750,170,511,01-06-15 1:11,AUGUSTA,
0x0fe9acdb3675a8a2942fafbd4af61bc37e44c0ec,144,23.780450,37.584630,14,13,01-06-15 1:11,SALERNO,88
0xc42dbc4bbd13a1903affdc73445da8506c99ce72,0,16.128830,38.735330,247,247,01-06-15 1:11,AUGUSTA,56
0xeb5b81ca5adb818f7e5ea3455325ce02de91f351,0,23.641000,37.944670,280,511,01-06-15 1:12,AEGINA,
0x1b7a5af433ea67fcd520f9b91c7ab8239ce3e82d,0,23.613020,37.958660,351,511,01-06-15 1:12,PIRAEUS,
0x1618b2bca3eb2fd6338f5456f03e02e7dbd3c9bd,99,27.687280,36.555000,113,511,01-06-15 1:13,ALIAGA,56
0x365a69834c43a4457fe1a2c11b459fa472b470db,0,15.291850,37.125430,153,315,01-06-15 1:13,AUGUSTA,113
0x3b62baab6210a8e69d3e7f9df53d000c83d00fd0,5,15.248710,37.284420,167,511,01-06-15 1:13,AUGUSTA,
0x0fe9acdb3675a8a2942fafbd4af61bc37e44c0ec,143,23.782910,37.592420,8,2,01-06-15 1:13,SALERNO,88
0xd5d68e374383c39b1b61cbdf42466ed4d5d9bf90,0,15.632550,38.216480,337,511,01-06-15 1:13,MESSINA,
0xb35dc6acdc29f2241296c44384fa2b0f7044d257,198,15.483620,38.768140,337,336,01-06-15 1:13,MESSINA,66
0xfe073300f836e13dfa043d1a0acb9d7ef2cc4bff,0,14.261000,40.842500,51,511,01-06-15 1:14,PROCIDA ,
0x1618b2bca3eb2fd6338f5456f03e02e7dbd3c9bd,99,27.694100,36.552530,113,511,01-06-15 1:15,ALIAGA,56
0x3b62baab6210a8e69d3e7f9df53d000c83d00fd0,4,15.248820,37.284170,156,511,01-06-15 1:15,AUGUSTA,
0x0fe9acdb3675a8a2942fafbd4af61bc37e44c0ec,143,23.783090,37.600810,358,353,01-06-15 1:15,SALERNO,88
0xb0d2368162b09e196bc79ddb2af1f2ad4737844d,0,15.652170,38.125830,353,511,01-06-15 1:16,VILLA SAN GIOVANNI,
0x407e7fbe284326248f8cf440155cc4a2d07443e3,1,15.562130,38.209370,190,239,01-06-15 1:16,VILLA SAN GIOVANNI,
0xb35dc6acdc29f2241296c44384fa2b0f7044d257,198,15.475810,38.783540,339,338,01-06-15 1:16,MESSINA,66
0xf8340a46fb9efffd1dc790f20bd79eb782e2ee32,1,14.242630,40.564970,325,145,01-06-15 1:16,SALERNO,
0x1618b2bca3eb2fd6338f5456f03e02e7dbd3c9bd,99,27.700980,36.550250,112,511,01-06-15 1:17,ALIAGA,56
0x3b62baab6210a8e69d3e7f9df53d000c83d00fd0,5,15.248930,37.283870,158,511,01-06-15 1:17,AUGUSTA,
0x0fe9acdb3675a8a2942fafbd4af61bc37e44c0ec,141,23.781660,37.608660,349,344,01-06-15 1:17,SALERNO,88
0x577f07ab34216d10f532b93d183e7c9401023d06,0,15.633190,38.216510,196,511,01-06-15 1:17,MESSINA,
0x3043ddc13e32d399f5a9ddddd4366753fac037ed,0,10.922520,42.366720,33,278,01-06-15 1:18,PIOMBINO,20
0xcd5d32ea8b221264963561ceab14ad55f1aacba1,0,17.216220,40.449600,93,201,01-06-15 1:19,TARANTO,91
0x3b62baab6210a8e69d3e7f9df53d000c83d00fd0,4,15.249060,37.283620,160,511,01-06-15 1:19,AUGUSTA,
0x0fe9acdb3675a8a2942fafbd4af61bc37e44c0ec,135,23.778330,37.615820,334,334,01-06-15 1:19,SALERNO,88
0xb35dc6acdc29f2241296c44384fa2b0f7044d257,199,15.467810,38.799440,338,336,01-06-15 1:19,MESSINA,66
0x58f685e49a7f6fe919d77aebf8af33bfea91d0d6,0,14.117620,40.823610,0,511,01-06-15 1:19,PROCIDA ,28
0x1618b2bca3eb2fd6338f5456f03e02e7dbd3c9bd,99,27.711500,36.546880,111,511,01-06-15 1:20,ALIAGA,56
0xf224132486e5c23dbe8e2ce78099c296495c5779,0,14.503310,35.879480,5,511,01-06-15 1:21,MESSINA,45
0x3b62baab6210a8e69d3e7f9df53d000c83d00fd0,45,15.250540,37.285170,14,511,01-06-15 1:21,AUGUSTA,
0x0fe9acdb3675a8a2942fafbd4af61bc37e44c0ec,128,23.774550,37.622430,336,335,01-06-15 1:21,SALERNO,88
0xf867f4e189e196d53f88733d1d542c99cac7f338,1,10.325820,42.813370,120,317,01-06-15 1:21,PIOMBINO,
0x262ad07f2496546c69382ac9331b415e200bf08b,0,23.614900,37.944700,0,511,01-06-15 1:22,PIRAEUS,
0x808e10442d2044398b5df8609e3c33dbdc33abe2,0,23.650600,37.933380,0,1,01-06-15 1:22,PERAMA,
0xab4f81945b77948a5e965192cf8c04f967f8aaf7,1,12.321830,37.934170,243,511,01-06-15 1:22,AUGUSTA,46
0xb35dc6acdc29f2241296c44384fa2b0f7044d257,20,15.461310,38.812390,338,337,01-06-15 1:22,MESSINA,66
0xb2da98e531a9ff33be9af3dd7d4f164db0e0988d,1,14.754990,40.654870,301,301,01-06-15 1:22,SALERNO,55
0x1618b2bca3eb2fd6338f5456f03e02e7dbd3c9bd,99,27.721100,36.543830,112,511,01-06-15 1:23,ALIAGA,56
0x0fe9acdb3675a8a2942fafbd4af61bc37e44c0ec,123,23.770850,37.629190,336,334,01-06-15 1:23,SALERNO,88
0xec48bbd13482c7145ae6f88f95091e248338fcf2,0,23.605330,37.950040,0,337,01-06-15 1:23,PIRAEUS,
0xfba45ad52063daf3b71d1f91a81ac6efa114e51f,0,15.562330,38.210390,277,511,01-06-15 1:23,VILLA SAN GIOVANNI,
0x48e8c84531340860ed203276a66020746e64c222,0,10.323750,42.812150,11,123,01-06-15 1:23,PIOMBINO,
0x3b62baab6210a8e69d3e7f9df53d000c83d00fd0,46,15.248970,37.287060,349,511,01-06-15 1:24,AUGUSTA,
0xb35dc6acdc29f2241296c44384fa2b0f7044d257,201,15.457000,38.820760,338,337,01-06-15 1:24,MESSINA,66
0x9c2f4a52cefcef0b47d4caa7b809e89ee5825e39,0,10.322870,42.811080,343,301,01-06-15 1:24,PORTO FERRAIO,
0x53a9d0093c0aff12fcc97ee1980bb9195e9181a9,0,14.781080,40.641570,217,101,01-06-15 1:25,SALERNO,56
0x1618b2bca3eb2fd6338f5456f03e02e7dbd3c9bd,99,27.728550,36.541300,112,511,01-06-15 1:26,ALIAGA,56
0x0fe9acdb3675a8a2942fafbd4af61bc37e44c0ec,113,23.765710,37.638660,336,335,01-06-15 1:26,SALERNO,88
0xb35dc6acdc29f2241296c44384fa2b0f7044d257,201,15.450200,38.834290,338,337,01-06-15 1:26,MESSINA,66
0x3b62baab6210a8e69d3e7f9df53d000c83d00fd0,2,15.247790,37.289480,308,511,01-06-15 1:27,AUGUSTA,
0x5aa8e2337c112b6369c0c5e09a7fba81f9df7ef4,1,15.632410,38.220970,216,511,01-06-15 1:27,MESSINA,
0x1618b2bca3eb2fd6338f5456f03e02e7dbd3c9bd,99,27.735330,36.539070,112,511,01-06-15 1:28,ALIAGA,56
0x252233f7c20f79b6ca5f6fd7c589a1f40d53a98a,1,15.523730,38.131500,121,235,01-06-15 1:29,VILLA SAN GIOVANNI,
0x0fe9acdb3675a8a2942fafbd4af61bc37e44c0ec,109,23.761190,37.647110,337,335,01-06-15 1:29,SALERNO,88
0xfba45ad52063daf3b71d1f91a81ac6efa114e51f,5,15.562340,38.210370,134,511,01-06-15 1:29,VILLA SAN GIOVANNI,
0xb35dc6acdc29f2241296c44384fa2b0f7044d257,20,15.443790,38.847310,338,337,01-06-15 1:29,MESSINA,66
0x1618b2bca3eb2fd6338f5456f03e02e7dbd3c9bd,98,27.741680,36.536930,112,511,01-06-15 1:30,ALIAGA,56
0xfba45ad52063daf3b71d1f91a81ac6efa114e51f,114,15.568700,38.210200,94,511,01-06-15 1:31,VILLA SAN GIOVANNI,
0x3b62baab6210a8e69d3e7f9df53d000c83d00fd0,24,15.247760,37.289020,296,511,01-06-15 1:31,AUGUSTA,
0x1618b2bca3eb2fd6338f5456f03e02e7dbd3c9bd,98,27.747950,36.534820,112,511,01-06-15 1:32,ALIAGA,56
0x0fe9acdb3675a8a2942fafbd4af61bc37e44c0ec,107,23.756580,37.655980,337,334,01-06-15 1:32,SALERNO,88
0xc42dbc4bbd13a1903affdc73445da8506c99ce72,0,16.128670,38.735330,243,243,01-06-15 1:32,AUGUSTA,56
0xb35dc6acdc29f2241296c44384fa2b0f7044d257,20,15.435480,38.863960,338,337,01-06-15 1:32,MESSINA,66
0x3b62baab6210a8e69d3e7f9df53d000c83d00fd0,22,15.247890,37.289780,104,511,01-06-15 1:33,AUGUSTA,
0xfba45ad52063daf3b71d1f91a81ac6efa114e51f,116,15.577350,38.209050,102,511,01-06-15 1:33,MESSINA,
0x3737a4149ff43e3a270840b16e1055b02d0251d1,1,14.262060,40.843420,211,154,01-06-15 1:33,CAPRI,
0x1618b2bca3eb2fd6338f5456f03e02e7dbd3c9bd,99,27.754220,36.532750,111,511,01-06-15 1:34,ALIAGA,56
0x365a69834c43a4457fe1a2c11b459fa472b470db,0,15.291920,37.125470,52,315,01-06-15 1:34,AUGUSTA,113
0xd5d68e374383c39b1b61cbdf42466ed4d5d9bf90,0,15.632530,38.216460,301,511,01-06-15 1:34,MESSINA,
0xb35dc6acdc29f2241296c44384fa2b0f7044d257,20,15.428500,38.877900,339,338,01-06-15 1:35,MESSINA,66
0x3b62baab6210a8e69d3e7f9df53d000c83d00fd0,39,15.248730,37.287280,167,511,01-06-15 1:35,AUGUSTA,
0x0fe9acdb3675a8a2942fafbd4af61bc37e44c0ec,108,23.752330,37.664280,337,335,01-06-15 1:35,SALERNO,88
0xeb5b81ca5adb818f7e5ea3455325ce02de91f351,0,23.641000,37.944670,280,511,01-06-15 1:35,AEGINA,
0x1b7a5af433ea67fcd520f9b91c7ab8239ce3e82d,0,23.613000,37.958640,328,511,01-06-15 1:35,PIRAEUS,
0x1618b2bca3eb2fd6338f5456f03e02e7dbd3c9bd,10,27.760720,36.530680,111,511,01-06-15 1:36,ALIAGA,56
0xfba45ad52063daf3b71d1f91a81ac6efa114e51f,12,15.590410,38.207550,94,511,01-06-15 1:36,MESSINA,
0xfe073300f836e13dfa043d1a0acb9d7ef2cc4bff,0,14.261170,40.842330,51,511,01-06-15 1:36,PROCIDA ,
0x3b62baab6210a8e69d3e7f9df53d000c83d00fd0,17,15.249180,37.286040,161,511,01-06-15 1:37,AUGUSTA,
0x407e7fbe284326248f8cf440155cc4a2d07443e3,1,15.562110,38.209360,221,239,01-06-15 1:37,VILLA SAN GIOVANNI,
0xf8340a46fb9efffd1dc790f20bd79eb782e2ee32,1,14.242900,40.564690,76,166,01-06-15 1:37,SALERNO,
0x121e06dcc81000bb03cddf7e8281375b2009d4f1,0,10.549840,42.929870,0,511,01-06-15 1:37,PORTO FERRAIO,
0x1618b2bca3eb2fd6338f5456f03e02e7dbd3c9bd,101,27.768870,36.528200,110,511,01-06-15 1:38,ALIAGA,56
0x0fe9acdb3675a8a2942fafbd4af61bc37e44c0ec,108,23.749210,37.670370,337,335,01-06-15 1:38,SALERNO,88
0xb35dc6acdc29f2241296c44384fa2b0f7044d257,201,15.418660,38.897770,338,336,01-06-15 1:38,MESSINA,66
0x86b41c591b46dee7d79e435609ad7156116d2960,81,14.113130,40.823080,104,100,01-06-15 1:38,PROCIDA ,
0xfba45ad52063daf3b71d1f91a81ac6efa114e51f,115,15.602820,38.207600,88,511,01-06-15 1:39,MESSINA,
0x3b62baab6210a8e69d3e7f9df53d000c83d00fd0,73,15.249190,37.282250,176,511,01-06-15 1:39,AUGUSTA,
0x577f07ab34216d10f532b93d183e7c9401023d06,1,15.633170,38.216490,209,511,01-06-15 1:39,MESSINA,
0x0fe9acdb3675a8a2942fafbd4af61bc37e44c0ec,108,23.746280,37.675880,337,335,01-06-15 1:40,SALERNO,88
0xb0d2368162b09e196bc79ddb2af1f2ad4737844d,0,15.652170,38.125830,353,511,01-06-15 1:40,VILLA SAN GIOVANNI,
0x58f685e49a7f6fe919d77aebf8af33bfea91d0d6,0,14.117620,40.823610,0,511,01-06-15 1:40,PROCIDA ,28
0x1618b2bca3eb2fd6338f5456f03e02e7dbd3c9bd,101,27.778680,36.525120,111,511,01-06-15 1:41,ALIAGA,56
0x86b41c591b46dee7d79e435609ad7156116d2960,2,14.115850,40.824420,160,289,01-06-15 1:41,PROCIDA ,
0xf867f4e189e196d53f88733d1d542c99cac7f338,1,10.325830,42.813370,330,316,01-06-15 1:41,PIOMBINO,
0xf224132486e5c23dbe8e2ce78099c296495c5779,0,14.503330,35.879500,5,511,01-06-15 1:42,MESSINA,45
0x3b62baab6210a8e69d3e7f9df53d000c83d00fd0,71,15.244920,37.279320,294,511,01-06-15 1:42,AUGUSTA,
0x0fe9acdb3675a8a2942fafbd4af61bc37e44c0ec,107,23.743510,37.681370,337,332,01-06-15 1:42,SALERNO,88
0xfba45ad52063daf3b71d1f91a81ac6efa114e51f,12,15.613850,38.211370,45,511,01-06-15 1:42,MESSINA,
0x577f07ab34216d10f532b93d183e7c9401023d06,36,15.632950,38.216790,327,511,01-06-15 1:42,MESSINA,
0xb35dc6acdc29f2241296c44384fa2b0f7044d257,201,15.408550,38.915650,329,326,01-06-15 1:42,MESSINA,66
0xec48bbd13482c7145ae6f88f95091e248338fcf2,0,23.605450,37.950000,0,337,01-06-15 1:43,PIRAEUS,
0xcd5d32ea8b221264963561ceab14ad55f1aacba1,0,17.216330,40.449520,93,206,01-06-15 1:43,TARANTO,91
0xb2da98e531a9ff33be9af3dd7d4f164db0e0988d,1,14.755080,40.654840,318,297,01-06-15 1:43,SALERNO,55
0x86b41c591b46dee7d79e435609ad7156116d2960,12,14.117170,40.824030,110,272,01-06-15 1:43,PROCIDA ,
0x48e8c84531340860ed203276a66020746e64c222,0,10.323770,42.812150,11,123,01-06-15 1:43,PIOMBINO,
0x1618b2bca3eb2fd6338f5456f03e02e7dbd3c9bd,101,27.785780,36.522870,111,511,01-06-15 1:44,ALIAGA,56
0x0fe9acdb3675a8a2942fafbd4af61bc37e44c0ec,107,23.740410,37.686820,334,331,01-06-15 1:44,SALERNO,88
0xb35dc6acdc29f2241296c44384fa2b0f7044d257,202,15.399890,38.926660,328,326,01-06-15 1:44,MESSINA,66
0x3b62baab6210a8e69d3e7f9df53d000c83d00fd0,71,15.243090,37.284790,40,511,01-06-15 1:45,AUGUSTA,
0x808e10442d2044398b5df8609e3c33dbdc33abe2,0,23.650610,37.933380,0,1,01-06-15 1:45,PERAMA,
0x262ad07f2496546c69382ac9331b415e200bf08b,0,23.614920,37.944690,0,511,01-06-15 1:45,PIRAEUS,
0xfba45ad52063daf3b71d1f91a81ac6efa114e51f,124,15.620700,38.219730,20,511,01-06-15 1:45,MESSINA,
0x86b41c591b46dee7d79e435609ad7156116d2960,1,14.117270,40.823970,9,268,01-06-15 1:45,PROCIDA ,
0x9c2f4a52cefcef0b47d4caa7b809e89ee5825e39,0,10.322900,42.811080,317,301,01-06-15 1:45,PORTO FERRAIO,
0x577f07ab34216d10f532b93d183e7c9401023d06,53,15.627970,38.219900,219,511,01-06-15 1:46,VILLA SAN GIOVANNI,
0x1618b2bca3eb2fd6338f5456f03e02e7dbd3c9bd,101,27.792330,36.520820,110,511,01-06-15 1:46,ALIAGA,56
0x0fe9acdb3675a8a2942fafbd4af61bc37e44c0ec,109,23.737110,37.692220,334,331,01-06-15 1:46,SALERNO,88
0xab4f81945b77948a5e965192cf8c04f967f8aaf7,1,12.321830,37.934170,359,511,01-06-15 1:46,AUGUSTA,46
0x53a9d0093c0aff12fcc97ee1980bb9195e9181a9,1,14.781270,40.641930,59,141,01-06-15 1:46,SALERNO,56
0xb35dc6acdc29f2241296c44384fa2b0f7044d257,203,15.390780,38.938830,332,331,01-06-15 1:47,MESSINA,66
0x1618b2bca3eb2fd6338f5456f03e02e7dbd3c9bd,101,27.801570,36.517880,111,511,01-06-15 1:48,ALIAGA,56
0x0fe9acdb3675a8a2942fafbd4af61bc37e44c0ec,109,23.732330,37.700010,333,332,01-06-15 1:48,SALERNO,88
0x252233f7c20f79b6ca5f6fd7c589a1f40d53a98a,3,15.524300,38.131820,54,236,01-06-15 1:48,VILLA SAN GIOVANNI,
0xfba45ad52063daf3b71d1f91a81ac6efa114e51f,108,15.627600,38.223710,77,511,01-06-15 1:48,MESSINA,
0x3043ddc13e32d399f5a9ddddd4366753fac037ed,0,10.922540,42.366710,33,277,01-06-15 1:48,PIOMBINO,20
0x3b62baab6210a8e69d3e7f9df53d000c83d00fd0,37,15.249210,37.286340,94,511,01-06-15 1:49,AUGUSTA,
0x577f07ab34216d10f532b93d183e7c9401023d06,147,15.614050,38.218180,264,511,01-06-15 1:50,VILLA SAN GIOVANNI,
0x5aa8e2337c112b6369c0c5e09a7fba81f9df7ef4,1,15.632380,38.220980,230,511,01-06-15 1:50,MESSINA,
0xb35dc6acdc29f2241296c44384fa2b0f7044d257,201,15.378250,38.957860,332,331,01-06-15 1:50,MESSINA,66
0x1618b2bca3eb2fd6338f5456f03e02e7dbd3c9bd,101,27.811430,36.514950,110,511,01-06-15 1:51,ALIAGA,56
0x0fe9acdb3675a8a2942fafbd4af61bc37e44c0ec,11,23.728680,37.705880,333,331,01-06-15 1:51,SALERNO,88
0xfba45ad52063daf3b71d1f91a81ac6efa114e51f,4,15.632560,38.223230,196,511,01-06-15 1:51,MESSINA,
0x3b62baab6210a8e69d3e7f9df53d000c83d00fd0,1,15.250060,37.285700,289,511,01-06-15 1:52,AUGUSTA,
0x577f07ab34216d10f532b93d183e7c9401023d06,145,15.604100,38.216470,253,511,01-06-15 1:52,VILLA SAN GIOVANNI,
0x0fe9acdb3675a8a2942fafbd4af61bc37e44c0ec,111,23.725270,37.711400,334,334,01-06-15 1:53,SALERNO,88
0x46feaedb4a137f139c67a0e3d063ddb2f644270e,5,15.523920,38.131670,226,511,01-06-15 1:53,VILLA SAN GIOVANNI,
0xc42dbc4bbd13a1903affdc73445da8506c99ce72,0,16.128170,38.736170,215,215,01-06-15 1:53,AUGUSTA,56
0xb35dc6acdc29f2241296c44384fa2b0f7044d257,202,15.371050,38.969480,336,336,01-06-15 1:53,MESSINA,66
0x92bc2be3f1262885e296efdcd113085ad96cff3a,0,10.545320,42.931170,92,511,01-06-15 1:53,PIOMBINO,27
0x1618b2bca3eb2fd6338f5456f03e02e7dbd3c9bd,101,27.818400,36.512680,111,511,01-06-15 1:54,ALIAGA,56
0x577f07ab34216d10f532b93d183e7c9401023d06,148,15.593380,38.213610,250,511,01-06-15 1:54,VILLA SAN GIOVANNI,
0xeb5b81ca5adb818f7e5ea3455325ce02de91f351,0,23.641000,37.944500,280,511,01-06-15 1:55,AEGINA,
0x365a69834c43a4457fe1a2c11b459fa472b470db,0,15.292000,37.125510,105,307,01-06-15 1:55,AUGUSTA,113
0x0fe9acdb3675a8a2942fafbd4af61bc37e44c0ec,112,23.721960,37.717010,334,333,01-06-15 1:55,SALERNO,88
0xb35dc6acdc29f2241296c44384fa2b0f7044d257,203,15.365370,38.982260,342,341,01-06-15 1:55,MESSINA,66
0x1618b2bca3eb2fd6338f5456f03e02e7dbd3c9bd,101,27.824900,36.510580,112,511,01-06-15 1:56,ALIAGA,56
0x3b62baab6210a8e69d3e7f9df53d000c83d00fd0,7,15.249950,37.285190,173,511,01-06-15 1:56,AUGUSTA,
0x577f07ab34216d10f532b93d183e7c9401023d06,149,15.583600,38.210630,247,511,01-06-15 1:56,VILLA SAN GIOVANNI,
0xfe073300f836e13dfa043d1a0acb9d7ef2cc4bff,0,14.261170,40.842330,51,511,01-06-15 1:56,PROCIDA ,
0x3737a4149ff43e3a270840b16e1055b02d0251d1,1,14.262060,40.843420,223,154,01-06-15 1:56,CAPRI,
0x0fe9acdb3675a8a2942fafbd4af61bc37e44c0ec,112,23.718590,37.722580,333,334,01-06-15 1:57,SALERNO,88
0x1618b2bca3eb2fd6338f5456f03e02e7dbd3c9bd,101,27.832050,36.508130,113,511,01-06-15 1:58,ALIAGA,56
0x577f07ab34216d10f532b93d183e7c9401023d06,148,15.573200,38.206710,246,511,01-06-15 1:58,VILLA SAN GIOVANNI,
0xd5d68e374383c39b1b61cbdf42466ed4d5d9bf90,0,15.632580,38.216450,352,511,01-06-15 1:58,MESSINA,
0xb35dc6acdc29f2241296c44384fa2b0f7044d257,203,15.357990,39.000010,342,340,01-06-15 1:58,MESSINA,66
0xf8340a46fb9efffd1dc790f20bd79eb782e2ee32,0,14.243320,40.564820,192,192,01-06-15 1:58,SALERNO,
0x3b62baab6210a8e69d3e7f9df53d000c83d00fd0,78,15.246850,37.287560,333,511,01-06-15 1:59,AUGUSTA,
0x0fe9acdb3675a8a2942fafbd4af61bc37e44c0ec,112,23.715110,37.728170,333,333,01-06-15 1:59,SALERNO,88
0x1b7a5af433ea67fcd520f9b91c7ab8239ce3e82d,0,23.612950,37.958680,335,511,01-06-15 1:59,PIRAEUS,
0x1618b2bca3eb2fd6338f5456f03e02e7dbd3c9bd,102,27.838570,36.505950,112,511,01-06-15 2:00,ALIAGA,56
0x407e7fbe284326248f8cf440155cc4a2d07443e3,1,15.562110,38.209350,226,239,01-06-15 2:00,VILLA SAN GIOVANNI,
0x0fe9acdb3675a8a2942fafbd4af61bc37e44c0ec,113,23.711520,37.733870,334,334,01-06-15 2:01,SALERNO,88
0x577f07ab34216d10f532b93d183e7c9401023d06,82,15.563080,38.201330,218,511,01-06-15 2:01,VILLA SAN GIOVANNI,
0xb35dc6acdc29f2241296c44384fa2b0f7044d257,204,15.351450,39.015530,342,341,01-06-15 2:01,MESSINA,66
0x58f685e49a7f6fe919d77aebf8af33bfea91d0d6,0,14.117620,40.823610,0,511,01-06-15 2:01,PROCIDA ,28
0x1618b2bca3eb2fd6338f5456f03e02e7dbd3c9bd,101,27.845120,36.504030,108,511,01-06-15 2:02,ALIAGA,56
0x3b62baab6210a8e69d3e7f9df53d000c83d00fd0,8,15.243790,37.292130,331,511,01-06-15 2:02,AUGUSTA,
0xf867f4e189e196d53f88733d1d542c99cac7f338,0,10.325830,42.813370,210,317,01-06-15 2:02,PIOMBINO,
0xf224132486e5c23dbe8e2ce78099c296495c5779,0,14.503310,35.879530,5,511,01-06-15 2:03,MESSINA,45
0x0fe9acdb3675a8a2942fafbd4af61bc37e44c0ec,111,23.708070,37.739510,334,335,01-06-15 2:03,SALERNO,88
0x1618b2bca3eb2fd6338f5456f03e02e7dbd3c9bd,10,27.851900,36.502530,100,511,01-06-15 2:04,ALIAGA,56
0x3b62baab6210a8e69d3e7f9df53d000c83d00fd0,8,15.240730,37.296730,332,511,01-06-15 2:04,AUGUSTA,
0xb0d2368162b09e196bc79ddb2af1f2ad4737844d,0,15.652170,38.125830,353,511,01-06-15 2:04,VILLA SAN GIOVANNI,
0x577f07ab34216d10f532b93d183e7c9401023d06,78,15.561510,38.195420,169,511,01-06-15 2:04,VILLA SAN GIOVANNI,
0xb2da98e531a9ff33be9af3dd7d4f164db0e0988d,0,14.754960,40.655030,129,311,01-06-15 2:04,SALERNO,55
0x0fe9acdb3675a8a2942fafbd4af61bc37e44c0ec,11,23.704950,37.745070,335,336,01-06-15 2:05,SALERNO,88
0x58f685e49a7f6fe919d77aebf8af33bfea91d0d6,6,14.117560,40.823630,275,511,01-06-15 2:05,PROCIDA ,28
0x1618b2bca3eb2fd6338f5456f03e02e7dbd3c9bd,10,27.859430,36.501910,94,511,01-06-15 2:06,ALIAGA,56
0x3b62baab6210a8e69d3e7f9df53d000c83d00fd0,8,15.237660,37.301280,331,511,01-06-15 2:06,AUGUSTA,
0xec48bbd13482c7145ae6f88f95091e248338fcf2,0,23.605450,37.950050,0,337,01-06-15 2:06,PIRAEUS,
0x9c2f4a52cefcef0b47d4caa7b809e89ee5825e39,0,10.322900,42.811070,318,301,01-06-15 2:06,PORTO FERRAIO,
0x48e8c84531340860ed203276a66020746e64c222,0,10.323780,42.812130,301,123,01-06-15 2:06,PIOMBINO,
0x0fe9acdb3675a8a2942fafbd4af61bc37e44c0ec,99,23.701650,37.750790,335,336,01-06-15 2:07,SALERNO,88
0xab4f81945b77948a5e965192cf8c04f967f8aaf7,1,12.321820,37.934130,231,511,01-06-15 2:07,AUGUSTA,46
0xb35dc6acdc29f2241296c44384fa2b0f7044d257,204,15.337730,39.048550,343,341,01-06-15 2:07,MESSINA,66
0xcd5d32ea8b221264963561ceab14ad55f1aacba1,1,17.216260,40.449560,93,204,01-06-15 2:07,TARANTO,91
0x53a9d0093c0aff12fcc97ee1980bb9195e9181a9,0,14.781700,40.641860,70,166,01-06-15 2:07,SALERNO,56
0x86b41c591b46dee7d79e435609ad7156116d2960,0,14.117320,40.824000,3,272,01-06-15 2:08,PROCIDA ,
0x577f07ab34216d10f532b93d183e7c9401023d06,36,15.563300,38.188800,166,511,01-06-15 2:08,VILLA SAN GIOVANNI,
0x1618b2bca3eb2fd6338f5456f03e02e7dbd3c9bd,97,27.868000,36.501580,89,511,01-06-15 2:08,ALIAGA,56
0x58f685e49a7f6fe919d77aebf8af33bfea91d0d6,35,14.116470,40.823650,269,511,01-06-15 2:08,PROCIDA ,28
0x0fe9acdb3675a8a2942fafbd4af61bc37e44c0ec,92,23.698930,37.755600,335,336,01-06-15 2:09,SALERNO,88
0x262ad07f2496546c69382ac9331b415e200bf08b,0,23.614900,37.944700,0,511,01-06-15 2:09,PIRAEUS,
0x808e10442d2044398b5df8609e3c33dbdc33abe2,0,23.650620,37.933350,0,2,01-06-15 2:09,PERAMA,
0x3043ddc13e32d399f5a9ddddd4366753fac037ed,0,10.922530,42.366710,33,278,01-06-15 2:09,PIOMBINO,20
0x3b62baab6210a8e69d3e7f9df53d000c83d00fd0,81,15.233490,37.307600,331,511,01-06-15 2:10,AUGUSTA,
0x577f07ab34216d10f532b93d183e7c9401023d06,1,15.563430,38.188390,172,511,01-06-15 2:10,VILLA SAN GIOVANNI,
0xfba45ad52063daf3b71d1f91a81ac6efa114e51f,48,15.632310,38.223570,331,511,01-06-15 2:10,MESSINA,
0x1618b2bca3eb2fd6338f5456f03e02e7dbd3c9bd,99,27.875300,36.502020,84,511,01-06-15 2:11,ALIAGA,56
0x0fe9acdb3675a8a2942fafbd4af61bc37e44c0ec,9,23.696310,37.760220,335,335,01-06-15 2:11,SALERNO,88
0xb35dc6acdc29f2241296c44384fa2b0f7044d257,205,15.329380,39.069920,343,342,01-06-15 2:11,MESSINA,66
0x58f685e49a7f6fe919d77aebf8af33bfea91d0d6,10,14.108290,40.823630,239,511,01-06-15 2:11,PROCIDA ,28
0x3b62baab6210a8e69d3e7f9df53d000c83d00fd0,79,15.230470,37.312180,332,511,01-06-15 2:12,AUGUSTA,
0x46feaedb4a137f139c67a0e3d063ddb2f644270e,64,15.525390,38.132640,57,511,01-06-15 2:12,VILLA SAN GIOVANNI,
0x5aa8e2337c112b6369c0c5e09a7fba81f9df7ef4,1,15.632400,38.220960,235,511,01-06-15 2:12,MESSINA,
0xfba45ad52063daf3b71d1f91a81ac6efa114e51f,97,15.627850,38.224880,275,511,01-06-15 2:12,VILLA SAN GIOVANNI,
0x0fe9acdb3675a8a2942fafbd4af61bc37e44c0ec,89,23.693700,37.764700,335,336,01-06-15 2:13,SALERNO,88
0x1618b2bca3eb2fd6338f5456f03e02e7dbd3c9bd,98,27.882650,36.502950,80,511,01-06-15 2:13,ALIAGA,56
0xc42dbc4bbd13a1903affdc73445da8506c99ce72,0,16.127830,38.736000,191,191,01-06-15 2:14,AUGUSTA,56
0x3b62baab6210a8e69d3e7f9df53d000c83d00fd0,8,15.227660,37.316490,332,511,01-06-15 2:14,AUGUSTA,
0xfba45ad52063daf3b71d1f91a81ac6efa114e51f,108,15.620110,38.224930,267,511,01-06-15 2:14,VILLA SAN GIOVANNI,
0x1618b2bca3eb2fd6338f5456f03e02e7dbd3c9bd,98,27.889870,36.503970,79,511,01-06-15 2:15,ALIAGA,56
0x0fe9acdb3675a8a2942fafbd4af61bc37e44c0ec,89,23.690920,37.769660,335,335,01-06-15 2:15,SALERNO,88
0xb35dc6acdc29f2241296c44384fa2b0f7044d257,204,15.321410,39.090650,342,339,01-06-15 2:15,MESSINA,66
0xfe073300f836e13dfa043d1a0acb9d7ef2cc4bff,0,14.261000,40.842500,51,511,01-06-15 2:16,PROCIDA ,
0x365a69834c43a4457fe1a2c11b459fa472b470db,0,15.292170,37.125680,162,304,01-06-15 2:16,AUGUSTA,113
0x3b62baab6210a8e69d3e7f9df53d000c83d00fd0,8,15.224630,37.321130,332,511,01-06-15 2:16,AUGUSTA,
0xfba45ad52063daf3b71d1f91a81ac6efa114e51f,105,15.612710,38.223980,253,511,01-06-15 2:16,VILLA SAN GIOVANNI,
0x121e06dcc81000bb03cddf7e8281375b2009d4f1,0,10.549850,42.929890,0,511,01-06-15 2:16,PORTO FERRAIO,
0xeb5b81ca5adb818f7e5ea3455325ce02de91f351,0,23.641000,37.944500,280,511,01-06-15 2:17,AEGINA,
0x1618b2bca3eb2fd6338f5456f03e02e7dbd3c9bd,98,27.897100,36.505230,76,511,01-06-15 2:17,ALIAGA,56
0x0fe9acdb3675a8a2942fafbd4af61bc37e44c0ec,88,23.688440,37.774130,335,336,01-06-15 2:17,SALERNO,88
0xb35dc6acdc29f2241296c44384fa2b0f7044d257,205,15.313700,39.108500,340,339,01-06-15 2:18,MESSINA,66
0xfba45ad52063daf3b71d1f91a81ac6efa114e51f,109,15.605450,38.222310,253,511,01-06-15 2:18,VILLA SAN GIOVANNI,
0x86b41c591b46dee7d79e435609ad7156116d2960,5,14.115430,40.824150,275,272,01-06-15 2:18,PROCIDA ,
0x3b62baab6210a8e69d3e7f9df53d000c83d00fd0,8,15.221050,37.325900,323,511,01-06-15 2:19,AUGUSTA,
0x0fe9acdb3675a8a2942fafbd4af61bc37e44c0ec,88,23.685870,37.778680,335,336,01-06-15 2:19,SALERNO,88
0xf8340a46fb9efffd1dc790f20bd79eb782e2ee32,1,14.243330,40.564570,255,256,01-06-15 2:19,SALERNO,
0x1618b2bca3eb2fd6338f5456f03e02e7dbd3c9bd,98,27.908130,36.507420,76,511,01-06-15 2:20,ALIAGA,56
0xfba45ad52063daf3b71d1f91a81ac6efa114e51f,11,15.598110,38.220450,252,511,01-06-15 2:20,VILLA SAN GIOVANNI,
0x3737a4149ff43e3a270840b16e1055b02d0251d1,1,14.262060,40.843430,231,154,01-06-15 2:20,CAPRI,
0x3b62baab6210a8e69d3e7f9df53d000c83d00fd0,8,15.216430,37.329450,304,511,01-06-15 2:21,AUGUSTA,
0x0fe9acdb3675a8a2942fafbd4af61bc37e44c0ec,88,23.683480,37.783170,338,338,01-06-15 2:21,SALERNO,88
0xb35dc6acdc29f2241296c44384fa2b0f7044d257,204,15.307460,39.122490,339,338,01-06-15 2:21,MESSINA,66
0x1b7a5af433ea67fcd520f9b91c7ab8239ce3e82d,0,23.612960,37.958650,4,511,01-06-15 2:22,PIRAEUS,
0xfba45ad52063daf3b71d1f91a81ac6efa114e51f,112,15.590690,38.218360,249,511,01-06-15 2:22,VILLA SAN GIOVANNI,
0x1618b2bca3eb2fd6338f5456f03e02e7dbd3c9bd,97,27.915250,36.508830,75,511,01-06-15 2:23,ALIAGA,56
0x0fe9acdb3675a8a2942fafbd4af61bc37e44c0ec,87,23.680980,37.788060,336,335,01-06-15 2:23,SALERNO,88
0x407e7fbe284326248f8cf440155cc4a2d07443e3,1,15.562110,38.209350,226,239,01-06-15 2:23,VILLA SAN GIOVANNI,
0xf867f4e189e196d53f88733d1d542c99cac7f338,0,10.325820,42.813370,162,316,01-06-15 2:23,PIOMBINO,
0xf224132486e5c23dbe8e2ce78099c296495c5779,0,14.503350,35.879490,5,511,01-06-15 2:24,MESSINA,45
0x3b62baab6210a8e69d3e7f9df53d000c83d00fd0,8,15.210450,37.335180,323,511,01-06-15 2:24,AUGUSTA,
0xb0d2368162b09e196bc79ddb2af1f2ad4737844d,0,15.652170,38.125830,17,511,01-06-15 2:24,VILLA SAN GIOVANNI,
0xfba45ad52063daf3b71d1f91a81ac6efa114e51f,112,15.583460,38.215950,244,511,01-06-15 2:24,VILLA SAN GIOVANNI,
0xb35dc6acdc29f2241296c44384fa2b0f7044d257,204,15.300000,39.138510,339,338,01-06-15 2:24,MESSINA,66
0x1618b2bca3eb2fd6338f5456f03e02e7dbd3c9bd,97,27.921730,36.510220,74,511,01-06-15 2:25,ALIAGA,56
0xd5d68e374383c39b1b61cbdf42466ed4d5d9bf90,0,15.632580,38.216430,236,511,01-06-15 2:25,MESSINA,
0xb2da98e531a9ff33be9af3dd7d4f164db0e0988d,1,14.754950,40.655110,339,314,01-06-15 2:25,SALERNO,55
0x0fe9acdb3675a8a2942fafbd4af61bc37e44c0ec,87,23.677110,37.795010,337,338,01-06-15 2:26,SALERNO,88
0xfba45ad52063daf3b71d1f91a81ac6efa114e51f,111,15.576230,38.213420,251,511,01-06-15 2:26,VILLA SAN GIOVANNI,
0x1618b2bca3eb2fd6338f5456f03e02e7dbd3c9bd,97,27.928230,36.511550,76,511,01-06-15 2:27,ALIAGA,56
0x3b62baab6210a8e69d3e7f9df53d000c83d00fd0,8,15.206070,37.340860,332,511,01-06-15 2:27,AUGUSTA,
0x9c2f4a52cefcef0b47d4caa7b809e89ee5825e39,0,10.322870,42.810950,333,301,01-06-15 2:27,PORTO FERRAIO,
0xfba45ad52063daf3b71d1f91a81ac6efa114e51f,108,15.568890,38.212000,256,511,01-06-15 2:28,VILLA SAN GIOVANNI,
0xab4f81945b77948a5e965192cf8c04f967f8aaf7,1,12.321830,37.934170,28,511,01-06-15 2:28,AUGUSTA,46
0xb35dc6acdc29f2241296c44384fa2b0f7044d257,204,15.291040,39.157040,339,338,01-06-15 2:28,MESSINA,66
0x53a9d0093c0aff12fcc97ee1980bb9195e9181a9,1,14.781080,40.641530,276,110,01-06-15 2:28,SALERNO,56
0x1618b2bca3eb2fd6338f5456f03e02e7dbd3c9bd,96,27.935800,36.513030,76,511,01-06-15 2:29,ALIAGA,56
0x0fe9acdb3675a8a2942fafbd4af61bc37e44c0ec,87,23.673630,37.801850,337,338,01-06-15 2:29,SALERNO,88
0x88c932a9608bf19c92d1b5e1b0ea7237d30a7cb0,33,15.524370,38.131830,228,511,01-06-15 2:29,VILLA SAN GIOVANNI,
0x3b62baab6210a8e69d3e7f9df53d000c83d00fd0,8,15.203520,37.345230,337,511,01-06-15 2:30,AUGUSTA,
0xec48bbd13482c7145ae6f88f95091e248338fcf2,0,23.605420,37.950020,0,337,01-06-15 2:30,PIRAEUS,
0x577f07ab34216d10f532b93d183e7c9401023d06,1,15.563440,38.188230,199,511,01-06-15 2:30,VILLA SAN GIOVANNI,
0xfba45ad52063daf3b71d1f91a81ac6efa114e51f,46,15.563050,38.210810,249,511,01-06-15 2:30,VILLA SAN GIOVANNI,
0x3043ddc13e32d399f5a9ddddd4366753fac037ed,0,10.922530,42.366720,8,278,01-06-15 2:30,PIOMBINO,20
0x48e8c84531340860ed203276a66020746e64c222,0,10.323800,42.812130,301,123,01-06-15 2:30,PIOMBINO,
0x1618b2bca3eb2fd6338f5456f03e02e7dbd3c9bd,97,27.942330,36.514300,76,511,01-06-15 2:31,ALIAGA,56
0x808e10442d2044398b5df8609e3c33dbdc33abe2,0,23.650610,37.933360,0,2,01-06-15 2:31,PERAMA,
0xb35dc6acdc29f2241296c44384fa2b0f7044d257,204,15.283110,39.173050,338,337,01-06-15 2:31,MESSINA,66
0xcd5d32ea8b221264963561ceab14ad55f1aacba1,1,17.216190,40.449580,276,201,01-06-15 2:31,TARANTO,91
0x3b62baab6210a8e69d3e7f9df53d000c83d00fd0,8,15.201420,37.349380,338,511,01-06-15 2:32,AUGUSTA,
0x0fe9acdb3675a8a2942fafbd4af61bc37e44c0ec,87,23.670310,37.808620,339,339,01-06-15 2:32,SALERNO,88
0xfba45ad52063daf3b71d1f91a81ac6efa114e51f,1,15.562360,38.210610,300,511,01-06-15 2:32,VILLA SAN GIOVANNI,
0x1618b2bca3eb2fd6338f5456f03e02e7dbd3c9bd,98,27.949970,36.515750,77,511,01-06-15 2:33,ALIAGA,56
0x262ad07f2496546c69382ac9331b415e200bf08b,0,23.614900,37.944670,0,511,01-06-15 2:33,PIRAEUS,
0xb35dc6acdc29f2241296c44384fa2b0f7044d257,204,15.277820,39.183520,339,338,01-06-15 2:33,MESSINA,66
0x3b62baab6210a8e69d3e7f9df53d000c83d00fd0,8,15.199000,37.354270,338,511,01-06-15 2:34,AUGUSTA,
0x0fe9acdb3675a8a2942fafbd4af61bc37e44c0ec,87,23.666940,37.815480,338,337,01-06-15 2:35,SALERNO,88
0x5aa8e2337c112b6369c0c5e09a7fba81f9df7ef4,1,15.632420,38.220980,205,511,01-06-15 2:35,MESSINA,
0x3b62baab6210a8e69d3e7f9df53d000c83d00fd0,8,15.196590,37.359100,338,511,01-06-15 2:36,AUGUSTA,
0xd7346cada730e2d31358072f99b9f91a8cfad78a,31,15.525280,38.132800,233,511,01-06-15 2:36,VILLA SAN GIOVANNI,
0x1618b2bca3eb2fd6338f5456f03e02e7dbd3c9bd,97,27.960930,36.517820,76,511,01-06-15 2:37,ALIAGA,56
0x365a69834c43a4457fe1a2c11b459fa472b470db,1,15.292180,37.125770,357,300,01-06-15 2:37,AUGUSTA,113
0xfe073300f836e13dfa043d1a0acb9d7ef2cc4bff,0,14.261170,40.842330,51,511,01-06-15 2:37,PROCIDA ,
0x0fe9acdb3675a8a2942fafbd4af61bc37e44c0ec,87,23.663490,37.822240,338,338,01-06-15 2:38,SALERNO,88
0xc42dbc4bbd13a1903affdc73445da8506c99ce72,0,16.128500,38.735670,230,230,01-06-15 2:38,AUGUSTA,56
0x5aa8e2337c112b6369c0c5e09a7fba81f9df7ef4,51,15.631580,38.221100,274,511,01-06-15 2:39,MESSINA,
0x1618b2bca3eb2fd6338f5456f03e02e7dbd3c9bd,97,27.967930,36.519170,76,511,01-06-15 2:39,ALIAGA,56
0x3b62baab6210a8e69d3e7f9df53d000c83d00fd0,81,15.193240,37.365720,337,511,01-06-15 2:39,AUGUSTA,
0xd7346cada730e2d31358072f99b9f91a8cfad78a,0,15.524020,38.132220,320,511,01-06-15 2:40,VILLA SAN GIOVANNI,
0xf8340a46fb9efffd1dc790f20bd79eb782e2ee32,0,14.242900,40.564090,322,323,01-06-15 2:40,SALERNO,
0xeb5b81ca5adb818f7e5ea3455325ce02de91f351,0,23.641000,37.944500,280,511,01-06-15 2:41,AEGINA,
0x1618b2bca3eb2fd6338f5456f03e02e7dbd3c9bd,97,27.974400,36.520480,74,511,01-06-15 2:41,ALIAGA,56
0x0fe9acdb3675a8a2942fafbd4af61bc37e44c0ec,86,23.660130,37.828970,338,338,01-06-15 2:41,SALERNO,88
0xfba45ad52063daf3b71d1f91a81ac6efa114e51f,38,15.562700,38.210760,74,511,01-06-15 2:41,VILLA SAN GIOVANNI,
0x121e06dcc81000bb03cddf7e8281375b2009d4f1,0,10.549840,42.929900,0,511,01-06-15 2:42,PORTO FERRAIO,
0x3b62baab6210a8e69d3e7f9df53d000c83d00fd0,81,15.191060,37.370240,341,511,01-06-15 2:42,AUGUSTA,
0x1b7a5af433ea67fcd520f9b91c7ab8239ce3e82d,0,23.612980,37.958720,17,511,01-06-15 2:42,PIRAEUS,
0x5aa8e2337c112b6369c0c5e09a7fba81f9df7ef4,97,15.622440,38.221650,274,511,01-06-15 2:42,VILLA SAN GIOVANNI,
0x1618b2bca3eb2fd6338f5456f03e02e7dbd3c9bd,96,27.981420,36.521970,76,511,01-06-15 2:43,ALIAGA,56
0x88c932a9608bf19c92d1b5e1b0ea7237d30a7cb0,23,15.524570,38.131950,53,511,01-06-15 2:43,VILLA SAN GIOVANNI,
0xfba45ad52063daf3b71d1f91a81ac6efa114e51f,117,15.570570,38.210960,90,511,01-06-15 2:43,VILLA SAN GIOVANNI,
0x3b62baab6210a8e69d3e7f9df53d000c83d00fd0,84,15.189080,37.374640,340,511,01-06-15 2:44,AUGUSTA,
0x0fe9acdb3675a8a2942fafbd4af61bc37e44c0ec,86,23.656820,37.835640,337,336,01-06-15 2:44,SALERNO,88
0x3737a4149ff43e3a270840b16e1055b02d0251d1,0,14.262050,40.843410,193,154,01-06-15 2:44,CAPRI,
0xf867f4e189e196d53f88733d1d542c99cac7f338,1,10.325840,42.813370,46,318,01-06-15 2:44,PIOMBINO,
0xf224132486e5c23dbe8e2ce78099c296495c5779,0,14.503370,35.879510,5,511,01-06-15 2:45,MESSINA,45
0x1618b2bca3eb2fd6338f5456f03e02e7dbd3c9bd,95,27.988870,36.523450,75,511,01-06-15 2:45,ALIAGA,56
0x5aa8e2337c112b6369c0c5e09a7fba81f9df7ef4,91,15.612620,38.221140,259,511,01-06-15 2:45,VILLA SAN GIOVANNI,
0xb2da98e531a9ff33be9af3dd7d4f164db0e0988d,1,14.754760,40.655200,191,329,01-06-15 2:46,SALERNO,55
0x3b62baab6210a8e69d3e7f9df53d000c83d00fd0,84,15.186940,37.379390,340,511,01-06-15 2:46,AUGUSTA,
0x407e7fbe284326248f8cf440155cc4a2d07443e3,0,15.562140,38.209330,170,239,01-06-15 2:46,VILLA SAN GIOVANNI,
0xfba45ad52063daf3b71d1f91a81ac6efa114e51f,89,15.581990,38.210310,88,511,01-06-15 2:46,MESSINA,
0xd5d68e374383c39b1b61cbdf42466ed4d5d9bf90,0,15.632600,38.216380,326,511,01-06-15 2:46,MESSINA,
0xb35dc6acdc29f2241296c44384fa2b0f7044d257,202,15.240220,39.255680,337,338,01-06-15 2:46,MESSINA,66
0x0f508fe49149befff54f4518bc861ffb542643b8,10,24.083500,35.494000,267,264,01-06-15 2:47,PIRAEUS,
0x0fe9acdb3675a8a2942fafbd4af61bc37e44c0ec,86,23.653290,37.842330,337,336,01-06-15 2:47,SALERNO,88
0xb0d2368162b09e196bc79ddb2af1f2ad4737844d,0,15.652170,38.125830,238,511,01-06-15 2:47,VILLA SAN GIOVANNI,
0x3b62baab6210a8e69d3e7f9df53d000c83d00fd0,83,15.184860,37.384100,340,511,01-06-15 2:48,AUGUSTA,
0x5aa8e2337c112b6369c0c5e09a7fba81f9df7ef4,93,15.603080,38.219550,252,511,01-06-15 2:48,VILLA SAN GIOVANNI,
0x9c2f4a52cefcef0b47d4caa7b809e89ee5825e39,0,10.322850,42.810980,261,301,01-06-15 2:48,PORTO FERRAIO,
0x0f508fe49149befff54f4518bc861ffb542643b8,46,24.078500,35.494000,288,288,01-06-15 2:49,PIRAEUS,
0x1618b2bca3eb2fd6338f5456f03e02e7dbd3c9bd,95,27.999420,36.525550,75,511,01-06-15 2:49,ALIAGA,56
0xab4f81945b77948a5e965192cf8c04f967f8aaf7,1,12.321830,37.934170,260,511,01-06-15 2:49,AUGUSTA,46
0xfba45ad52063daf3b71d1f91a81ac6efa114e51f,123,15.593950,38.208220,106,511,01-06-15 2:49,MESSINA,
0x53a9d0093c0aff12fcc97ee1980bb9195e9181a9,2,14.781370,40.640580,147,41,01-06-15 2:49,SALERNO,56
0x3b62baab6210a8e69d3e7f9df53d000c83d00fd0,83,15.182640,37.389220,341,511,01-06-15 2:50,AUGUSTA,
0x0fe9acdb3675a8a2942fafbd4af61bc37e44c0ec,87,23.649560,37.849310,337,337,01-06-15 2:50,SALERNO,88
0x577f07ab34216d10f532b93d183e7c9401023d06,0,15.563380,38.188210,190,511,01-06-15 2:50,VILLA SAN GIOVANNI,
0xb35dc6acdc29f2241296c44384fa2b0f7044d257,201,15.229720,39.275930,338,339,01-06-15 2:50,MESSINA,66
0x48e8c84531340860ed203276a66020746e64c222,0,10.323730,42.812070,301,123,01-06-15 2:50,PIOMBINO,
0x1618b2bca3eb2fd6338f5456f03e02e7dbd3c9bd,96,28.006970,36.527100,75,511,01-06-15 2:51,ALIAGA,56
0x808e10442d2044398b5df8609e3c33dbdc33abe2,0,23.650600,37.933390,0,2,01-06-15 2:51,PERAMA,
0x5aa8e2337c112b6369c0c5e09a7fba81f9df7ef4,93,15.596240,38.218210,253,511,01-06-15 2:51,VILLA SAN GIOVANNI,
0x0f508fe49149befff54f4518bc861ffb542643b8,19,24.077670,35.494500,215,21,01-06-15 2:52,PIRAEUS,
0xec48bbd13482c7145ae6f88f95091e248338fcf2,0,23.605430,37.950020,0,337,01-06-15 2:52,PIRAEUS,
0xfba45ad52063daf3b71d1f91a81ac6efa114e51f,114,15.606210,38.207070,63,511,01-06-15 2:52,MESSINA,
0x1618b2bca3eb2fd6338f5456f03e02e7dbd3c9bd,97,28.013470,36.528370,75,511,01-06-15 2:53,ALIAGA,56
0x3b62baab6210a8e69d3e7f9df53d000c83d00fd0,84,15.179720,37.395810,340,511,01-06-15 2:53,AUGUSTA,
0x0fe9acdb3675a8a2942fafbd4af61bc37e44c0ec,87,23.645890,37.855980,334,334,01-06-15 2:53,SALERNO,88
0x5aa8e2337c112b6369c0c5e09a7fba81f9df7ef4,92,15.589950,38.216850,254,511,01-06-15 2:53,VILLA SAN GIOVANNI,
0x089d5b2b97b23310dea56b668293987ec0e0ae2b,86,24.683300,40.853000,170,511,01-06-15 2:54,KERAMOTI,
0xb35dc6acdc29f2241296c44384fa2b0f7044d257,201,15.219590,39.295170,337,337,01-06-15 2:54,MESSINA,66
0x1618b2bca3eb2fd6338f5456f03e02e7dbd3c9bd,98,28.020050,36.529650,76,511,01-06-15 2:55,ALIAGA,56
0x262ad07f2496546c69382ac9331b415e200bf08b,0,23.614900,37.944670,0,511,01-06-15 2:55,PIRAEUS,
0xfba45ad52063daf3b71d1f91a81ac6efa114e51f,12,15.615440,38.213590,44,511,01-06-15 2:55,MESSINA,
0x5aa8e2337c112b6369c0c5e09a7fba81f9df7ef4,89,15.583270,38.215470,254,511,01-06-15 2:55,VILLA SAN GIOVANNI,
0x0f508fe49149befff54f4518bc861ffb542643b8,17,24.076330,35.491500,196,20,01-06-15 2:56,PIRAEUS,
0x0fe9acdb3675a8a2942fafbd4af61bc37e44c0ec,89,23.641970,37.862800,335,335,01-06-15 2:56,SALERNO,88
0x1618b2bca3eb2fd6338f5456f03e02e7dbd3c9bd,98,28.026650,36.530830,77,511,01-06-15 2:57,ALIAGA,56
0x3b62baab6210a8e69d3e7f9df53d000c83d00fd0,8,15.176540,37.403030,340,511,01-06-15 2:57,AUGUSTA,
0x5aa8e2337c112b6369c0c5e09a7fba81f9df7ef4,86,15.577200,38.214370,261,511,01-06-15 2:57,VILLA SAN GIOVANNI,
0xb35dc6acdc29f2241296c44384fa2b0f7044d257,201,15.210880,39.311710,337,338,01-06-15 2:57,MESSINA,66
0x089d5b2b97b23310dea56b668293987ec0e0ae2b,89,24.684870,40.845870,170,511,01-06-15 2:57,KERAMOTI,
0x365a69834c43a4457fe1a2c11b459fa472b470db,1,15.291970,37.125620,3,300,01-06-15 2:58,AUGUSTA,113
0xfba45ad52063daf3b71d1f91a81ac6efa114e51f,119,15.625500,38.220580,59,511,01-06-15 2:58,MESSINA,
0xc42dbc4bbd13a1903affdc73445da8506c99ce72,0,16.128670,38.735500,248,248,01-06-15 2:59,AUGUSTA,56
0x2b0b6f0ff040f09b2b4c7eafe9fa25d956b79619,0,24.701030,40.779600,133,511,01-06-15 2:59,KERAMOTI,
0x0f508fe49149befff54f4518bc861ffb542643b8,8,24.076170,35.490830,188,19,01-06-15 2:59,PIRAEUS,
0x1618b2bca3eb2fd6338f5456f03e02e7dbd3c9bd,97,28.034270,36.532080,77,511,01-06-15 2:59,ALIAGA,56
0x3b62baab6210a8e69d3e7f9df53d000c83d00fd0,8,15.174520,37.407550,340,511,01-06-15 2:59,AUGUSTA,
0x0fe9acdb3675a8a2942fafbd4af61bc37e44c0ec,89,23.638170,37.869540,335,334,01-06-15 2:59,SALERNO,88
0x5aa8e2337c112b6369c0c5e09a7fba81f9df7ef4,87,15.570740,38.213380,257,511,01-06-15 2:59,VILLA SAN GIOVANNI,
0xd7346cada730e2d31358072f99b9f91a8cfad78a,37,15.524770,38.132470,67,511,01-06-15 3:00,VILLA SAN GIOVANNI,
0x089d5b2b97b23310dea56b668293987ec0e0ae2b,88,24.686420,40.838620,170,511,01-06-15 3:00,KERAMOTI,
0xfe073300f836e13dfa043d1a0acb9d7ef2cc4bff,0,14.261170,40.842330,223,511,01-06-15 3:00,PROCIDA ,
0x0f508fe49149befff54f4518bc861ffb542643b8,2,24.076170,35.490670,246,21,01-06-15 3:01,PIRAEUS,
0x365a69834c43a4457fe1a2c11b459fa472b470db,8,15.292780,37.125510,97,300,01-06-15 3:01,AUGUSTA,113
0x3b62baab6210a8e69d3e7f9df53d000c83d00fd0,81,15.172660,37.411810,341,511,01-06-15 3:01,AUGUSTA,
0xeb5b81ca5adb818f7e5ea3455325ce02de91f351,0,23.641000,37.944670,19,511,01-06-15 3:01,AEGINA,
0x5aa8e2337c112b6369c0c5e09a7fba81f9df7ef4,79,15.565070,38.211840,243,511,01-06-15 3:01,VILLA SAN GIOVANNI,
0x1618b2bca3eb2fd6338f5456f03e02e7dbd3c9bd,98,28.044700,36.533950,76,511,01-06-15 3:02,ALIAGA,56
0x0fe9acdb3675a8a2942fafbd4af61bc37e44c0ec,9,23.635290,37.874570,335,327,01-06-15 3:02,SALERNO,88
0x1b7a5af433ea67fcd520f9b91c7ab8239ce3e82d,0,23.612970,37.958590,0,511,01-06-15 3:02,PIRAEUS,
0xfba45ad52063daf3b71d1f91a81ac6efa114e51f,0,15.632400,38.220980,135,511,01-06-15 3:02,MESSINA,
0x3b62baab6210a8e69d3e7f9df53d000c83d00fd0,8,15.170760,37.416050,340,511,01-06-15 3:03,AUGUSTA,
0x089d5b2b97b23310dea56b668293987ec0e0ae2b,87,24.688030,40.831380,169,511,01-06-15 3:03,KERAMOTI,
0x365a69834c43a4457fe1a2c11b459fa472b470db,0,15.291970,37.125670,16,301,01-06-15 3:04,AUGUSTA,113
0x0fe9acdb3675a8a2942fafbd4af61bc37e44c0ec,87,23.631840,37.878530,319,316,01-06-15 3:04,SALERNO,88
0x5aa8e2337c112b6369c0c5e09a7fba81f9df7ef4,0,15.562420,38.211140,1,511,01-06-15 3:04,VILLA SAN GIOVANNI,
0xf8340a46fb9efffd1dc790f20bd79eb782e2ee32,3,14.243460,40.564220,228,3,01-06-15 3:04,SALERNO,
0x121e06dcc81000bb03cddf7e8281375b2009d4f1,0,10.549860,42.929900,0,511,01-06-15 3:05,PORTO FERRAIO,
0x3b62baab6210a8e69d3e7f9df53d000c83d00fd0,81,15.168890,37.420290,340,511,01-06-15 3:05,AUGUSTA,
0xf867f4e189e196d53f88733d1d542c99cac7f338,0,10.325820,42.813360,227,313,01-06-15 3:05,PIOMBINO,
0xf224132486e5c23dbe8e2ce78099c296495c5779,0,14.503340,35.879560,5,511,01-06-15 3:06,MESSINA,45
0x1618b2bca3eb2fd6338f5456f03e02e7dbd3c9bd,98,28.055230,36.535820,77,511,01-06-15 3:06,ALIAGA,56
0x0fe9acdb3675a8a2942fafbd4af61bc37e44c0ec,89,23.627460,37.882420,317,316,01-06-15 3:06,SALERNO,88
0x089d5b2b97b23310dea56b668293987ec0e0ae2b,86,24.689900,40.824280,169,511,01-06-15 3:06,KERAMOTI,
0x3b62baab6210a8e69d3e7f9df53d000c83d00fd0,81,15.166930,37.424540,339,511,01-06-15 3:07,AUGUSTA,
0xd5d68e374383c39b1b61cbdf42466ed4d5d9bf90,0,15.632570,38.216450,198,511,01-06-15 3:07,MESSINA,
0xb2da98e531a9ff33be9af3dd7d4f164db0e0988d,0,14.754930,40.654970,350,301,01-06-15 3:07,SALERNO,55
0x1618b2bca3eb2fd6338f5456f03e02e7dbd3c9bd,97,28.061730,36.536950,78,511,01-06-15 3:08,ALIAGA,56
0x0fe9acdb3675a8a2942fafbd4af61bc37e44c0ec,73,23.623470,37.885720,317,316,01-06-15 3:08,SALERNO,88
0xcd5d32ea8b221264963561ceab14ad55f1aacba1,1,17.216050,40.449590,276,197,01-06-15 3:08,TARANTO,91
0x3737a4149ff43e3a270840b16e1055b02d0251d1,0,14.262040,40.843410,150,154,01-06-15 3:08,CAPRI,
0x3043ddc13e32d399f5a9ddddd4366753fac037ed,0,10.922530,42.366700,8,277,01-06-15 3:09,PIOMBINO,20
0x3b62baab6210a8e69d3e7f9df53d000c83d00fd0,81,15.164960,37.428750,338,511,01-06-15 3:09,AUGUSTA,
0x937cd8417cb81a980a0306ac76527b938e1d049a,0,23.609210,37.955720,73,126,01-06-15 3:09,PIRAEUS,
0x272bf1dd836a524310a5ed61e527a19955becaf3,1,15.564630,38.188980,202,511,01-06-15 3:09,VILLA SAN GIOVANNI,
0x407e7fbe284326248f8cf440155cc4a2d07443e3,1,15.562150,38.209370,141,239,01-06-15 3:09,VILLA SAN GIOVANNI,
0x9c2f4a52cefcef0b47d4caa7b809e89ee5825e39,0,10.322880,42.811040,31,301,01-06-15 3:09,PORTO FERRAIO,
0x1618b2bca3eb2fd6338f5456f03e02e7dbd3c9bd,97,28.069330,36.538300,77,511,01-06-15 3:10,ALIAGA,56
0x48e8c84531340860ed203276a66020746e64c222,0,10.323820,42.812100,344,123,01-06-15 3:10,PIOMBINO,
0x0fe9acdb3675a8a2942fafbd4af61bc37e44c0ec,66,23.620400,37.888470,320,324,01-06-15 3:10,SALERNO,88
0x577f07ab34216d10f532b93d183e7c9401023d06,1,15.563440,38.188230,191,511,01-06-15 3:10,VILLA SAN GIOVANNI,
0x53a9d0093c0aff12fcc97ee1980bb9195e9181a9,3,14.780720,40.641530,336,101,01-06-15 3:10,SALERNO,56
0x089d5b2b97b23310dea56b668293987ec0e0ae2b,85,24.691670,40.816880,169,511,01-06-15 3:10,KERAMOTI,
0x3b62baab6210a8e69d3e7f9df53d000c83d00fd0,81,15.163030,37.433000,341,511,01-06-15 3:11,AUGUSTA,
0x808e10442d2044398b5df8609e3c33dbdc33abe2,0,23.650620,37.933380,0,1,01-06-15 3:11,PERAMA,
0xb0d2368162b09e196bc79ddb2af1f2ad4737844d,0,15.652170,38.125830,10,511,01-06-15 3:11,VILLA SAN GIOVANNI,
0x1618b2bca3eb2fd6338f5456f03e02e7dbd3c9bd,98,28.076600,36.539550,78,511,01-06-15 3:12,ALIAGA,56
0x0fe9acdb3675a8a2942fafbd4af61bc37e44c0ec,65,23.617760,37.891430,327,330,01-06-15 3:12,SALERNO,88
0x937cd8417cb81a980a0306ac76527b938e1d049a,98,23.604980,37.957270,284,266,01-06-15 3:12,PIRAEUS,
0x089d5b2b97b23310dea56b668293987ec0e0ae2b,85,24.692950,40.811870,170,511,01-06-15 3:12,KERAMOTI,
0x3b62baab6210a8e69d3e7f9df53d000c83d00fd0,81,15.161210,37.437330,341,511,01-06-15 3:13,AUGUSTA,
0xab4f81945b77948a5e965192cf8c04f967f8aaf7,1,12.321830,37.934170,303,511,01-06-15 3:13,AUGUSTA,46
0xec48bbd13482c7145ae6f88f95091e248338fcf2,0,23.605430,37.950050,0,337,01-06-15 3:13,PIRAEUS,
0x577f07ab34216d10f532b93d183e7c9401023d06,4,15.563370,38.188930,354,511,01-06-15 3:13,VILLA SAN GIOVANNI,
0x0fe9acdb3675a8a2942fafbd4af61bc37e44c0ec,55,23.615680,37.894400,332,330,01-06-15 3:14,SALERNO,88
0x089d5b2b97b23310dea56b668293987ec0e0ae2b,85,24.694070,40.807230,168,511,01-06-15 3:14,KERAMOTI,
0x1618b2bca3eb2fd6338f5456f03e02e7dbd3c9bd,97,28.087030,36.541170,78,511,01-06-15 3:15,ALIAGA,56
0x3b62baab6210a8e69d3e7f9df53d000c83d00fd0,82,15.159260,37.441990,341,511,01-06-15 3:15,AUGUSTA,
0x937cd8417cb81a980a0306ac76527b938e1d049a,103,23.597320,37.951770,221,211,01-06-15 3:15,PIRAEUS,
0x577f07ab34216d10f532b93d183e7c9401023d06,86,15.561880,38.194670,333,511,01-06-15 3:16,VILLA SAN GIOVANNI,
0x089d5b2b97b23310dea56b668293987ec0e0ae2b,85,24.695130,40.802620,169,511,01-06-15 3:16,KERAMOTI,
0x3b62baab6210a8e69d3e7f9df53d000c83d00fd0,83,15.157260,37.446760,342,511,01-06-15 3:17,AUGUSTA,
0x0fe9acdb3675a8a2942fafbd4af61bc37e44c0ec,9,23.613870,37.896580,301,349,01-06-15 3:17,SALERNO,88
0x262ad07f2496546c69382ac9331b415e200bf08b,0,23.614900,37.944690,0,511,01-06-15 3:17,PIRAEUS,
0x1618b2bca3eb2fd6338f5456f03e02e7dbd3c9bd,98,28.096980,36.542840,78,511,01-06-15 3:18,ALIAGA,56
0x937cd8417cb81a980a0306ac76527b938e1d049a,34,23.589570,37.951330,329,324,01-06-15 3:18,PIRAEUS,
0x089d5b2b97b23310dea56b668293987ec0e0ae2b,84,24.696420,40.797630,169,511,01-06-15 3:18,KERAMOTI,
0x0fe9acdb3675a8a2942fafbd4af61bc37e44c0ec,17,23.613500,37.896790,335,347,01-06-15 3:19,SALERNO,88
0x577f07ab34216d10f532b93d183e7c9401023d06,89,15.565740,38.199690,71,511,01-06-15 3:19,VILLA SAN GIOVANNI,
0xc42dbc4bbd13a1903affdc73445da8506c99ce72,0,16.128670,38.735500,248,248,01-06-15 3:20,AUGUSTA,56
0x7c2ce5f5e017286742f6789a03ebd327e6f14a8b,126,25.153920,35.350180,248,248,01-06-15 3:20,PIRAEUS,
0x3b62baab6210a8e69d3e7f9df53d000c83d00fd0,82,15.154480,37.453360,341,511,01-06-15 3:20,AUGUSTA,
0xfba45ad52063daf3b71d1f91a81ac6efa114e51f,27,15.632220,38.221040,283,511,01-06-15 3:20,MESSINA,
0x089d5b2b97b23310dea56b668293987ec0e0ae2b,84,24.697420,40.793030,168,511,01-06-15 3:20,KERAMOTI,
0xfe073300f836e13dfa043d1a0acb9d7ef2cc4bff,0,14.261170,40.842330,35,511,01-06-15 3:20,PROCIDA ,
0x1618b2bca3eb2fd6338f5456f03e02e7dbd3c9bd,98,28.107480,36.544620,77,511,01-06-15 3:21,ALIAGA,56
0x0fe9acdb3675a8a2942fafbd4af61bc37e44c0ec,57,23.612710,37.899060,347,346,01-06-15 3:21,SALERNO,88
0x5aa8e2337c112b6369c0c5e09a7fba81f9df7ef4,7,15.562350,38.211120,106,511,01-06-15 3:21,VILLA SAN GIOVANNI,
0x2b0b6f0ff040f09b2b4c7eafe9fa25d956b79619,0,24.701020,40.779620,60,511,01-06-15 3:21,KERAMOTI,
0x937cd8417cb81a980a0306ac76527b938e1d049a,6,23.589120,37.951890,22,228,01-06-15 3:22,PIRAEUS,
0x577f07ab34216d10f532b93d183e7c9401023d06,9,15.574110,38.203270,36,511,01-06-15 3:22,MESSINA,
0x089d5b2b97b23310dea56b668293987ec0e0ae2b,85,24.698630,40.788430,168,511,01-06-15 3:22,KERAMOTI,
0x7c2ce5f5e017286742f6789a03ebd327e6f14a8b,58,25.144400,35.346820,234,233,01-06-15 3:23,PIRAEUS,
0x3b62baab6210a8e69d3e7f9df53d000c83d00fd0,82,15.153100,37.460130,339,511,01-06-15 3:23,AUGUSTA,
0x0fe9acdb3675a8a2942fafbd4af61bc37e44c0ec,64,23.611520,37.902540,340,340,01-06-15 3:23,SALERNO,88
0xeb5b81ca5adb818f7e5ea3455325ce02de91f351,0,23.641000,37.944670,44,511,01-06-15 3:23,AEGINA,
0x1b7a5af433ea67fcd520f9b91c7ab8239ce3e82d,0,23.612980,37.958610,0,511,01-06-15 3:23,PIRAEUS,
0xfba45ad52063daf3b71d1f91a81ac6efa114e51f,109,15.622250,38.220410,265,511,01-06-15 3:23,VILLA SAN GIOVANNI,
0x0f508fe49149befff54f4518bc861ffb542643b8,0,24.076170,35.490500,254,22,01-06-15 3:24,PIRAEUS,
0x1618b2bca3eb2fd6338f5456f03e02e7dbd3c9bd,99,28.115270,36.545800,79,511,01-06-15 3:24,ALIAGA,56
0x937cd8417cb81a980a0306ac76527b938e1d049a,5,23.589300,37.952080,40,224,01-06-15 3:24,PIRAEUS,
0x5aa8e2337c112b6369c0c5e09a7fba81f9df7ef4,95,15.569310,38.211710,81,511,01-06-15 3:24,VILLA SAN GIOVANNI,
0x089d5b2b97b23310dea56b668293987ec0e0ae2b,85,24.699950,40.783880,166,511,01-06-15 3:24,KERAMOTI,
0x365a69834c43a4457fe1a2c11b459fa472b470db,0,15.291930,37.125630,188,301,01-06-15 3:25,AUGUSTA,113
0x0fe9acdb3675a8a2942fafbd4af61bc37e44c0ec,5,23.609990,37.905690,338,340,01-06-15 3:25,SALERNO,88
0x577f07ab34216d10f532b93d183e7c9401023d06,39,15.575040,38.206520,115,511,01-06-15 3:25,MESSINA,
0x1618b2bca3eb2fd6338f5456f03e02e7dbd3c9bd,10,28.122650,36.546900,79,511,01-06-15 3:26,ALIAGA,56
0x7c2ce5f5e017286742f6789a03ebd327e6f14a8b,11,25.142480,35.346130,345,261,01-06-15 3:26,PIRAEUS,
0x3b62baab6210a8e69d3e7f9df53d000c83d00fd0,84,15.150040,37.466660,339,511,01-06-15 3:26,AUGUSTA,
0x0fe9acdb3675a8a2942fafbd4af61bc37e44c0ec,42,23.608660,37.908200,337,340,01-06-15 3:27,SALERNO,88
0x5aa8e2337c112b6369c0c5e09a7fba81f9df7ef4,96,15.579250,38.214200,86,511,01-06-15 3:27,MESSINA,
0xf224132486e5c23dbe8e2ce78099c296495c5779,0,14.503320,35.879510,5,511,01-06-15 3:27,MESSINA,45
0x577f07ab34216d10f532b93d183e7c9401023d06,111,15.580960,38.205220,98,511,01-06-15 3:27,MESSINA,
0xfba45ad52063daf3b71d1f91a81ac6efa114e51f,109,15.610120,38.219530,264,511,01-06-15 3:27,VILLA SAN GIOVANNI,
0x089d5b2b97b23310dea56b668293987ec0e0ae2b,7,24.701400,40.779930,159,511,01-06-15 3:27,KERAMOTI,
0xf867f4e189e196d53f88733d1d542c99cac7f338,0,10.325830,42.813360,112,316,01-06-15 3:27,PIOMBINO,
0x121e06dcc81000bb03cddf7e8281375b2009d4f1,0,10.549830,42.929890,0,511,01-06-15 3:27,PORTO FERRAIO,
0x7c2ce5f5e017286742f6789a03ebd327e6f14a8b,16,25.142850,35.346900,48,323,01-06-15 3:28,PIRAEUS,
0x1618b2bca3eb2fd6338f5456f03e02e7dbd3c9bd,99,28.130550,36.548100,78,511,01-06-15 3:28,ALIAGA,56
0x937cd8417cb81a980a0306ac76527b938e1d049a,15,23.589350,37.952030,206,216,01-06-15 3:28,PIRAEUS,
0xd5d68e374383c39b1b61cbdf42466ed4d5d9bf90,1,15.632520,38.216330,205,511,01-06-15 3:28,MESSINA,
0xf8340a46fb9efffd1dc790f20bd79eb782e2ee32,1,14.243560,40.563970,76,32,01-06-15 3:28,SALERNO,
0xb2da98e531a9ff33be9af3dd7d4f164db0e0988d,1,14.754580,40.655360,319,333,01-06-15 3:28,SALERNO,55
0x3b62baab6210a8e69d3e7f9df53d000c83d00fd0,84,15.146850,37.473670,339,511,01-06-15 3:29,AUGUSTA,
0x577f07ab34216d10f532b93d183e7c9401023d06,142,15.590410,38.204410,95,511,01-06-15 3:29,MESSINA,
0xfba45ad52063daf3b71d1f91a81ac6efa114e51f,109,15.602440,38.218910,257,511,01-06-15 3:29,VILLA SAN GIOVANNI,
0x86b41c591b46dee7d79e435609ad7156116d2960,42,13.940530,40.745050,209,203,01-06-15 3:29,PROCIDA ,
0x089d5b2b97b23310dea56b668293987ec0e0ae2b,0,24.701400,40.779970,159,511,01-06-15 3:29,KERAMOTI,
0x7c2ce5f5e017286742f6789a03ebd327e6f14a8b,29,25.143350,35.346080,172,345,01-06-15 3:30,PIRAEUS,
0x0fe9acdb3675a8a2942fafbd4af61bc37e44c0ec,22,23.607180,37.910570,325,343,01-06-15 3:30,SALERNO,88
0x5aa8e2337c112b6369c0c5e09a7fba81f9df7ef4,97,15.586980,38.213620,111,511,01-06-15 3:30,MESSINA,
0x9c2f4a52cefcef0b47d4caa7b809e89ee5825e39,0,10.322930,42.811020,37,301,01-06-15 3:30,PORTO FERRAIO,
0x272bf1dd836a524310a5ed61e527a19955becaf3,1,15.564630,38.188950,150,511,01-06-15 3:31,VILLA SAN GIOVANNI,
0xfba45ad52063daf3b71d1f91a81ac6efa114e51f,108,15.595050,38.217460,255,511,01-06-15 3:31,VILLA SAN GIOVANNI,
0x53a9d0093c0aff12fcc97ee1980bb9195e9181a9,0,14.780950,40.641950,22,140,01-06-15 3:31,SALERNO,56
0x58f685e49a7f6fe919d77aebf8af33bfea91d0d6,5,13.908230,40.751290,264,511,01-06-15 3:31,PROCIDA ,28
0x2b0b6f0ff040f09b2b4c7eafe9fa25d956b79619,21,24.700890,40.779790,330,511,01-06-15 3:31,KERAMOTI,
0x3737a4149ff43e3a270840b16e1055b02d0251d1,1,14.262040,40.843400,154,154,01-06-15 3:32,CAPRI,
0x1618b2bca3eb2fd6338f5456f03e02e7dbd3c9bd,99,28.142280,36.549980,78,511,01-06-15 3:32,ALIAGA,56
0x3b62baab6210a8e69d3e7f9df53d000c83d00fd0,82,15.143880,37.480220,339,511,01-06-15 3:32,AUGUSTA,
0x0fe9acdb3675a8a2942fafbd4af61bc37e44c0ec,9,23.606520,37.911050,303,342,01-06-15 3:32,SALERNO,88
0x808e10442d2044398b5df8609e3c33dbdc33abe2,0,23.650650,37.933360,0,1,01-06-15 3:32,PERAMA,
0x577f07ab34216d10f532b93d183e7c9401023d06,148,15.605790,38.203960,87,511,01-06-15 3:32,MESSINA,
0x407e7fbe284326248f8cf440155cc4a2d07443e3,1,15.562130,38.209360,157,239,01-06-15 3:32,VILLA SAN GIOVANNI,
0x5aa8e2337c112b6369c0c5e09a7fba81f9df7ef4,101,15.594030,38.211340,107,511,01-06-15 3:32,MESSINA,
0x86b41c591b46dee7d79e435609ad7156116d2960,1,13.939580,40.745170,327,142,01-06-15 3:32,PROCIDA ,
0xfba45ad52063daf3b71d1f91a81ac6efa114e51f,108,15.587060,38.215840,255,511,01-06-15 3:33,VILLA SAN GIOVANNI,
0x2b0b6f0ff040f09b2b4c7eafe9fa25d956b79619,59,24.699860,40.782080,350,511,01-06-15 3:33,KERAMOTI,
0x48e8c84531340860ed203276a66020746e64c222,0,10.323800,42.812130,271,123,01-06-15 3:33,PIOMBINO,
0x1618b2bca3eb2fd6338f5456f03e02e7dbd3c9bd,98,28.148870,36.551320,74,511,01-06-15 3:34,ALIAGA,56
0x0fe9acdb3675a8a2942fafbd4af61bc37e44c0ec,7,23.606070,37.911330,304,341,01-06-15 3:34,SALERNO,88
0xab4f81945b77948a5e965192cf8c04f967f8aaf7,1,12.321810,37.934120,270,511,01-06-15 3:34,AUGUSTA,46
0xb0d2368162b09e196bc79ddb2af1f2ad4737844d,0,15.652170,38.125830,10,511,01-06-15 3:34,VILLA SAN GIOVANNI,
0x5aa8e2337c112b6369c0c5e09a7fba81f9df7ef4,10,15.601050,38.210450,109,511,01-06-15 3:34,MESSINA,
0x7c2ce5f5e017286742f6789a03ebd327e6f14a8b,1,25.144020,35.344420,75,345,01-06-15 3:35,PIRAEUS,
0x3b62baab6210a8e69d3e7f9df53d000c83d00fd0,83,15.140970,37.486770,340,511,01-06-15 3:35,AUGUSTA,
0x937cd8417cb81a980a0306ac76527b938e1d049a,2,23.588800,37.951530,186,203,01-06-15 3:35,PIRAEUS,
0x577f07ab34216d10f532b93d183e7c9401023d06,146,15.616470,38.211020,25,511,01-06-15 3:35,MESSINA,
0xfba45ad52063daf3b71d1f91a81ac6efa114e51f,108,15.579510,38.214580,258,511,01-06-15 3:35,VILLA SAN GIOVANNI,
0x2b0b6f0ff040f09b2b4c7eafe9fa25d956b79619,75,24.699010,40.785820,351,511,01-06-15 3:35,THASOS,
0x0fe9acdb3675a8a2942fafbd4af61bc37e44c0ec,6,23.605740,37.911400,244,342,01-06-15 3:36,SALERNO,88
0x1618b2bca3eb2fd6338f5456f03e02e7dbd3c9bd,97,28.155870,36.552880,74,511,01-06-15 3:36,ALIAGA,56
0xec48bbd13482c7145ae6f88f95091e248338fcf2,0,23.605430,37.950020,0,337,01-06-15 3:36,PIRAEUS,
0x5aa8e2337c112b6369c0c5e09a7fba81f9df7ef4,98,15.607560,38.209360,78,511,01-06-15 3:36,MESSINA,
0xfba45ad52063daf3b71d1f91a81ac6efa114e51f,109,15.572030,38.213350,258,511,01-06-15 3:37,VILLA SAN GIOVANNI,
0x2b0b6f0ff040f09b2b4c7eafe9fa25d956b79619,86,24.697660,40.790530,343,511,01-06-15 3:37,THASOS,
0x1618b2bca3eb2fd6338f5456f03e02e7dbd3c9bd,97,28.163430,36.554520,74,511,01-06-15 3:38,ALIAGA,56
0x3b62baab6210a8e69d3e7f9df53d000c83d00fd0,82,15.138090,37.493260,340,511,01-06-15 3:38,AUGUSTA,
0x0fe9acdb3675a8a2942fafbd4af61bc37e44c0ec,4,23.605490,37.911250,229,346,01-06-15 3:38,SALERNO,88
0x5aa8e2337c112b6369c0c5e09a7fba81f9df7ef4,102,15.613450,38.212280,49,511,01-06-15 3:38,MESSINA,
0x577f07ab34216d10f532b93d183e7c9401023d06,124,15.625800,38.221360,77,511,01-06-15 3:38,MESSINA,
0x937cd8417cb81a980a0306ac76527b938e1d049a,26,23.587700,37.949520,226,236,01-06-15 3:39,PIRAEUS,
0xfba45ad52063daf3b71d1f91a81ac6efa114e51f,85,15.564300,38.211410,239,511,01-06-15 3:39,VILLA SAN GIOVANNI,
0x3043ddc13e32d399f5a9ddddd4366753fac037ed,0,10.922530,42.366710,8,277,01-06-15 3:39,PIOMBINO,20
0x262ad07f2496546c69382ac9331b415e200bf08b,0,23.614910,37.944680,0,511,01-06-15 3:40,PIRAEUS,
0x5aa8e2337c112b6369c0c5e09a7fba81f9df7ef4,103,15.619150,38.215870,53,511,01-06-15 3:40,MESSINA,
0x2b0b6f0ff040f09b2b4c7eafe9fa25d956b79619,93,24.695330,40.798030,346,511,01-06-15 3:40,THASOS,
0x1618b2bca3eb2fd6338f5456f03e02e7dbd3c9bd,97,28.170970,36.556120,73,511,01-06-15 3:41,ALIAGA,56
0x3b62baab6210a8e69d3e7f9df53d000c83d00fd0,83,15.135010,37.500130,340,511,01-06-15 3:41,AUGUSTA,
0x937cd8417cb81a980a0306ac76527b938e1d049a,16,23.585960,37.948650,239,261,01-06-15 3:41,PIRAEUS,
0x577f07ab34216d10f532b93d183e7c9401023d06,52,15.632560,38.217190,149,511,01-06-15 3:41,MESSINA,
0xc42dbc4bbd13a1903affdc73445da8506c99ce72,0,16.128670,38.735170,261,262,01-06-15 3:41,AUGUSTA,56
0xfba45ad52063daf3b71d1f91a81ac6efa114e51f,0,15.562310,38.210600,9,511,01-06-15 3:42,VILLA SAN GIOVANNI,
0x1b7a5af433ea67fcd520f9b91c7ab8239ce3e82d,9,23.612790,37.958630,229,511,01-06-15 3:42,PIRAEUS,
0x5aa8e2337c112b6369c0c5e09a7fba81f9df7ef4,103,15.625740,38.219280,59,511,01-06-15 3:42,MESSINA,
0xfe073300f836e13dfa043d1a0acb9d7ef2cc4bff,0,14.261170,40.842330,35,142,01-06-15 3:42,PROCIDA ,
0x3737a4149ff43e3a270840b16e1055b02d0251d1,16,14.262290,40.842980,156,157,01-06-15 3:42,CAPRI,
0x1618b2bca3eb2fd6338f5456f03e02e7dbd3c9bd,97,28.177850,36.557800,73,511,01-06-15 3:43,ALIAGA,56
0x0fe9acdb3675a8a2942fafbd4af61bc37e44c0ec,5,23.604770,37.910570,224,357,01-06-15 3:43,SALERNO,88
0x937cd8417cb81a980a0306ac76527b938e1d049a,53,23.585570,37.949380,69,73,01-06-15 3:43,PIRAEUS,
0x2b0b6f0ff040f09b2b4c7eafe9fa25d956b79619,93,24.692750,40.805560,347,511,01-06-15 3:43,THASOS,
0x3b62baab6210a8e69d3e7f9df53d000c83d00fd0,89,15.132610,37.504990,337,511,01-06-15 3:44,AUGUSTA,
0xcd5d32ea8b221264963561ceab14ad55f1aacba1,1,17.216060,40.449550,276,197,01-06-15 3:44,TARANTO,91
0xeb5b81ca5adb818f7e5ea3455325ce02de91f351,0,23.641000,37.944500,44,511,01-06-15 3:45,AEGINA,
0x1618b2bca3eb2fd6338f5456f03e02e7dbd3c9bd,96,28.184880,36.559430,73,511,01-06-15 3:45,ALIAGA,56
0x1b7a5af433ea67fcd520f9b91c7ab8239ce3e82d,31,23.611200,37.958290,280,511,01-06-15 3:45,PIRAEUS,
0x5aa8e2337c112b6369c0c5e09a7fba81f9df7ef4,7,15.632080,38.221090,118,511,01-06-15 3:45,MESSINA,
0x58f685e49a7f6fe919d77aebf8af33bfea91d0d6,11,13.908270,40.751310,101,511,01-06-15 3:45,PROCIDA ,28
0x3737a4149ff43e3a270840b16e1055b02d0251d1,74,14.263270,40.841010,159,155,01-06-15 3:45,CAPRI,
0x3b62baab6210a8e69d3e7f9df53d000c83d00fd0,9,15.130020,37.510020,337,511,01-06-15 3:46,AUGUSTA,
0x937cd8417cb81a980a0306ac76527b938e1d049a,8,23.592130,37.947270,115,109,01-06-15 3:46,PIRAEUS,
0x2b0b6f0ff040f09b2b4c7eafe9fa25d956b79619,92,24.690260,40.813110,345,511,01-06-15 3:46,THASOS,
0x1618b2bca3eb2fd6338f5456f03e02e7dbd3c9bd,96,28.191220,36.560970,72,511,01-06-15 3:47,ALIAGA,56
0x0fe9acdb3675a8a2942fafbd4af61bc37e44c0ec,6,23.604330,37.910150,220,1,01-06-15 3:47,SALERNO,88
0x1b7a5af433ea67fcd520f9b91c7ab8239ce3e82d,51,23.607930,37.958590,261,511,01-06-15 3:47,PIRAEUS,
0x3737a4149ff43e3a270840b16e1055b02d0251d1,86,14.266980,40.837530,131,128,01-06-15 3:47,CAPRI,
0x0f508fe49149befff54f4518bc861ffb542643b8,0,24.076170,35.490670,265,21,01-06-15 3:48,PIRAEUS,
0xf224132486e5c23dbe8e2ce78099c296495c5779,0,14.503340,35.879490,5,511,01-06-15 3:48,MESSINA,45
0x3b62baab6210a8e69d3e7f9df53d000c83d00fd0,91,15.127570,37.514670,336,511,01-06-15 3:48,AUGUSTA,
0x58f685e49a7f6fe919d77aebf8af33bfea91d0d6,31,13.909240,40.751290,28,511,01-06-15 3:48,PROCIDA ,28
0x272bf1dd836a524310a5ed61e527a19955becaf3,12,15.564650,38.189000,13,511,01-06-15 3:49,VILLA SAN GIOVANNI,
0x1618b2bca3eb2fd6338f5456f03e02e7dbd3c9bd,96,28.197620,36.562420,74,511,01-06-15 3:49,ALIAGA,56
0x365a69834c43a4457fe1a2c11b459fa472b470db,0,15.291850,37.125450,204,309,01-06-15 3:49,AUGUSTA,113
0x937cd8417cb81a980a0306ac76527b938e1d049a,76,23.598200,37.942730,173,170,01-06-15 3:49,PIRAEUS,
0x1b7a5af433ea67fcd520f9b91c7ab8239ce3e82d,52,23.604420,37.957970,251,511,01-06-15 3:49,PIRAEUS,
0xd5d68e374383c39b1b61cbdf42466ed4d5d9bf90,0,15.632550,38.216350,259,511,01-06-15 3:49,MESSINA,
0xb2da98e531a9ff33be9af3dd7d4f164db0e0988d,0,14.754740,40.655550,147,348,01-06-15 3:49,SALERNO,55
0x089d5b2b97b23310dea56b668293987ec0e0ae2b,0,24.701480,40.779950,159,511,01-06-15 3:49,KERAMOTI,
0x2b0b6f0ff040f09b2b4c7eafe9fa25d956b79619,92,24.687700,40.820610,345,511,01-06-15 3:49,THASOS,
0x3737a4149ff43e3a270840b16e1055b02d0251d1,95,14.272080,40.834550,126,124,01-06-15 3:49,CAPRI,
0x3b62baab6210a8e69d3e7f9df53d000c83d00fd0,93,15.123940,37.520920,334,511,01-06-15 3:50,AUGUSTA,
0xf8340a46fb9efffd1dc790f20bd79eb782e2ee32,2,14.242540,40.564320,340,7,01-06-15 3:50,SALERNO,
0x0fe9acdb3675a8a2942fafbd4af61bc37e44c0ec,31,23.603890,37.911580,349,355,01-06-15 3:51,SALERNO,88
0x1b7a5af433ea67fcd520f9b91c7ab8239ce3e82d,52,23.601780,37.956050,217,511,01-06-15 3:51,PIRAEUS,
0x272bf1dd836a524310a5ed61e527a19955becaf3,35,15.564580,38.190180,339,511,01-06-15 3:51,VILLA SAN GIOVANNI,
0x9c2f4a52cefcef0b47d4caa7b809e89ee5825e39,0,10.322920,42.811020,244,301,01-06-15 3:51,PORTO FERRAIO,
0x53a9d0093c0aff12fcc97ee1980bb9195e9181a9,0,14.781270,40.642000,82,161,01-06-15 3:52,SALERNO,56
0x1618b2bca3eb2fd6338f5456f03e02e7dbd3c9bd,96,28.206130,36.564470,74,511,01-06-15 3:52,ALIAGA,56
0x937cd8417cb81a980a0306ac76527b938e1d049a,2,23.597400,37.939880,208,204,01-06-15 3:52,PIRAEUS,
0x2b0b6f0ff040f09b2b4c7eafe9fa25d956b79619,91,24.685390,40.828890,347,511,01-06-15 3:52,THASOS,
0xf867f4e189e196d53f88733d1d542c99cac7f338,0,10.325830,42.813370,66,314,01-06-15 3:52,PIOMBINO,
0x1b7a5af433ea67fcd520f9b91c7ab8239ce3e82d,53,23.599240,37.953900,222,511,01-06-15 3:53,PIRAEUS,
0x3b62baab6210a8e69d3e7f9df53d000c83d00fd0,92,15.119860,37.527970,330,511,01-06-15 3:53,AUGUSTA,
0x0fe9acdb3675a8a2942fafbd4af61bc37e44c0ec,44,23.603490,37.913750,351,355,01-06-15 3:53,SALERNO,88
0x272bf1dd836a524310a5ed61e527a19955becaf3,31,15.562710,38.191900,248,511,01-06-15 3:54,VILLA SAN GIOVANNI,
0x86b41c591b46dee7d79e435609ad7156116d2960,0,13.939500,40.745300,340,144,01-06-15 3:54,PROCIDA ,
0x1618b2bca3eb2fd6338f5456f03e02e7dbd3c9bd,96,28.212530,36.566070,72,511,01-06-15 3:54,ALIAGA,56
0x808e10442d2044398b5df8609e3c33dbdc33abe2,0,23.650620,37.933350,0,2,01-06-15 3:54,PERAMA,
0x937cd8417cb81a980a0306ac76527b938e1d049a,11,23.596770,37.939230,224,218,01-06-15 3:54,PIRAEUS,
0x252233f7c20f79b6ca5f6fd7c589a1f40d53a98a,0,15.523730,38.131480,214,236,01-06-15 3:54,VILLA SAN GIOVANNI,
0x0fe9acdb3675a8a2942fafbd4af61bc37e44c0ec,52,23.602930,37.916470,351,355,01-06-15 3:55,SALERNO,88
0x1b7a5af433ea67fcd520f9b91c7ab8239ce3e82d,53,23.597000,37.951620,202,511,01-06-15 3:55,PIRAEUS,
0x407e7fbe284326248f8cf440155cc4a2d07443e3,1,15.562120,38.209360,165,239,01-06-15 3:55,VILLA SAN GIOVANNI,
0x2b0b6f0ff040f09b2b4c7eafe9fa25d956b79619,9,24.683020,40.836280,344,511,01-06-15 3:55,THASOS,
0xf351c01f056d9bc78ac31eda8bf8764523bbdc80,0,10.323400,42.811790,245,511,01-06-15 3:55,PIOMBINO,
0x7c2ce5f5e017286742f6789a03ebd327e6f14a8b,0,25.144030,35.344420,65,346,01-06-15 3:56,PIRAEUS,
0x1618b2bca3eb2fd6338f5456f03e02e7dbd3c9bd,97,28.220570,36.568050,73,511,01-06-15 3:56,ALIAGA,56
0x3b62baab6210a8e69d3e7f9df53d000c83d00fd0,32,15.114150,37.530280,190,511,01-06-15 3:56,AUGUSTA,
0x937cd8417cb81a980a0306ac76527b938e1d049a,7,23.596270,37.938930,235,229,01-06-15 3:56,PIRAEUS,
0x272bf1dd836a524310a5ed61e527a19955becaf3,39,15.561070,38.190030,151,511,01-06-15 3:56,VILLA SAN GIOVANNI,
0x37308264a241fddece88fafe2895f7414209a605,0,14.261410,40.835100,0,6,01-06-15 3:57,PROCIDA ,
0x0fe9acdb3675a8a2942fafbd4af61bc37e44c0ec,57,23.602390,37.919570,351,355,01-06-15 3:57,SALERNO,88
0xa86e20af379a85f190b043124beb5cd6dc1ea3c5,23,23.601700,37.944230,128,511,01-06-15 3:57,PIRAEUS,
0xec48bbd13482c7145ae6f88f95091e248338fcf2,0,23.605430,37.950020,0,337,01-06-15 3:57,PIRAEUS,
0xb0d2368162b09e196bc79ddb2af1f2ad4737844d,0,15.652170,38.125830,10,511,01-06-15 3:57,VILLA SAN GIOVANNI,
0xa35fcd7041a558f651e02861c5a844fd2c994834,0,14.476030,40.693480,0,511,01-06-15 3:57,CAPRI,
0x48e8c84531340860ed203276a66020746e64c222,0,10.323830,42.812130,271,123,01-06-15 3:57,PIOMBINO,
0xab4f81945b77948a5e965192cf8c04f967f8aaf7,1,12.321830,37.934170,47,511,01-06-15 3:58,AUGUSTA,46
0x937cd8417cb81a980a0306ac76527b938e1d049a,5,23.595900,37.938750,240,234,01-06-15 3:58,PIRAEUS,
0x1b7a5af433ea67fcd520f9b91c7ab8239ce3e82d,21,23.597230,37.949480,31,511,01-06-15 3:58,PIRAEUS,
0x2b0b6f0ff040f09b2b4c7eafe9fa25d956b79619,9,24.681500,40.843730,354,511,01-06-15 3:58,THASOS,
0x1618b2bca3eb2fd6338f5456f03e02e7dbd3c9bd,97,28.230170,36.570500,72,511,01-06-15 3:59,ALIAGA,56
0x0fe9acdb3675a8a2942fafbd4af61bc37e44c0ec,61,23.601760,37.923110,351,355,01-06-15 3:59,SALERNO,88
0x272bf1dd836a524310a5ed61e527a19955becaf3,1,15.562370,38.188660,123,511,01-06-15 3:59,VILLA SAN GIOVANNI,
0xf867f4e189e196d53f88733d1d542c99cac7f338,21,10.325940,42.813190,142,314,01-06-15 3:59,PIOMBINO,
0x121e06dcc81000bb03cddf7e8281375b2009d4f1,37,10.550050,42.930270,24,511,01-06-15 3:59,PORTO FERRAIO,
0x937cd8417cb81a980a0306ac76527b938e1d049a,19,23.595500,37.938500,207,192,01-06-15 4:00,PIRAEUS,
0x262ad07f2496546c69382ac9331b415e200bf08b,0,23.614900,37.944680,0,511,01-06-15 4:00,PIRAEUS,
0x1b7a5af433ea67fcd520f9b91c7ab8239ce3e82d,6,23.597500,37.950040,147,511,01-06-15 4:00,PIRAEUS,
0x1b7a5af433ea67fcd520f9b91c7ab8239ce3e82d,6,23.597500,37.950040,147,511,01-06-15 4:00,PIRAEUS,
0xfba45ad52063daf3b71d1f91a81ac6efa114e51f,4,15.562720,38.210810,73,511,01-06-15 4:00,VILLA SAN GIOVANNI,
0x3043ddc13e32d399f5a9ddddd4366753fac037ed,0,10.922550,42.366710,8,278,01-06-15 4:00,PIOMBINO,20
0x089d5b2b97b23310dea56b668293987ec0e0ae2b,34,24.701320,40.780400,342,511,01-06-15 4:01,KERAMOTI,
0xa86e20af379a85f190b043124beb5cd6dc1ea3c5,37,23.602780,37.943320,223,511,01-06-15 4:01,PIRAEUS,
0x2b0b6f0ff040f09b2b4c7eafe9fa25d956b79619,88,24.681310,40.851130,6,511,01-06-15 4:01,THASOS,
0x1618b2bca3eb2fd6338f5456f03e02e7dbd3c9bd,97,28.240330,36.573030,72,511,01-06-15 4:02,ALIAGA,56
0x0fe9acdb3675a8a2942fafbd4af61bc37e44c0ec,64,23.600840,37.928340,351,355,01-06-15 4:02,SALERNO,88
0x937cd8417cb81a980a0306ac76527b938e1d049a,7,23.596620,37.936380,159,155,01-06-15 4:02,PIRAEUS,
0x1b7a5af433ea67fcd520f9b91c7ab8239ce3e82d,0,23.597610,37.949890,0,511,01-06-15 4:02,PIRAEUS,
0x5aa8e2337c112b6369c0c5e09a7fba81f9df7ef4,7,15.630570,38.221430,291,511,01-06-15 4:02,MESSINA,
0xc42dbc4bbd13a1903affdc73445da8506c99ce72,0,16.128670,38.735170,271,271,01-06-15 4:02,AUGUSTA,56
0xfe073300f836e13dfa043d1a0acb9d7ef2cc4bff,0,14.261170,40.842330,35,142,01-06-15 4:02,PROCIDA ,
0xf867f4e189e196d53f88733d1d542c99cac7f338,109,10.333020,42.809090,83,259,01-06-15 4:02,PORTO FERRAIO,
0xa86e20af379a85f190b043124beb5cd6dc1ea3c5,67,23.599630,37.942720,333,511,01-06-15 4:03,PIRAEUS,
0x089d5b2b97b23310dea56b668293987ec0e0ae2b,61,24.700480,40.783120,348,511,01-06-15 4:03,THASOS,
0x937cd8417cb81a980a0306ac76527b938e1d049a,69,23.598480,37.932400,143,131,01-06-15 4:04,PIRAEUS,
0x1b7a5af433ea67fcd520f9b91c7ab8239ce3e82d,5,23.597740,37.949780,90,511,01-06-15 4:04,PIRAEUS,
0x252233f7c20f79b6ca5f6fd7c589a1f40d53a98a,31,15.524350,38.131850,52,235,01-06-15 4:04,VILLA SAN GIOVANNI,
0xfba45ad52063daf3b71d1f91a81ac6efa114e51f,12,15.574670,38.210910,98,511,01-06-15 4:04,MESSINA,
0x2b0b6f0ff040f09b2b4c7eafe9fa25d956b79619,87,24.683540,40.858230,28,511,01-06-15 4:04,THASOS,
0x121e06dcc81000bb03cddf7e8281375b2009d4f1,93,10.561070,42.933280,155,511,01-06-15 4:04,PORTO FERRAIO,
0x1618b2bca3eb2fd6338f5456f03e02e7dbd3c9bd,97,28.250020,36.575350,73,511,01-06-15 4:05,ALIAGA,56
0x0fe9acdb3675a8a2942fafbd4af61bc37e44c0ec,64,23.600290,37.933690,358,358,01-06-15 4:05,SALERNO,88
0xa86e20af379a85f190b043124beb5cd6dc1ea3c5,63,23.597730,37.946330,335,511,01-06-15 4:05,PIRAEUS,
0x089d5b2b97b23310dea56b668293987ec0e0ae2b,74,24.699880,40.786980,352,511,01-06-15 4:05,THASOS,
0xf867f4e189e196d53f88733d1d542c99cac7f338,141,10.342890,42.817690,34,211,01-06-15 4:05,PORTO FERRAIO,
0x937cd8417cb81a980a0306ac76527b938e1d049a,66,23.600220,37.935470,7,17,01-06-15 4:06,PIRAEUS,
0x272bf1dd836a524310a5ed61e527a19955becaf3,31,15.562150,38.188950,325,511,01-06-15 4:06,VILLA SAN GIOVANNI,
0xfba45ad52063daf3b71d1f91a81ac6efa114e51f,115,15.584160,38.209740,99,511,01-06-15 4:06,MESSINA,
0x5aa8e2337c112b6369c0c5e09a7fba81f9df7ef4,91,15.621440,38.222290,264,511,01-06-15 4:06,VILLA SAN GIOVANNI,
0x892041b57919f5ac5e646968c8ab007572d86bcf,89,11.765510,42.106530,127,129,01-06-15 4:06,PORTO FERRAIO,
0xa86e20af379a85f190b043124beb5cd6dc1ea3c5,45,23.597080,37.949100,357,511,01-06-15 4:07,PIRAEUS,
0x089d5b2b97b23310dea56b668293987ec0e0ae2b,78,24.698620,40.791100,346,511,01-06-15 4:07,THASOS,
0x577f07ab34216d10f532b93d183e7c9401023d06,11,15.633170,38.216490,328,511,01-06-15 4:07,MESSINA,
0x2b0b6f0ff040f09b2b4c7eafe9fa25d956b79619,86,24.691810,40.860220,101,511,01-06-15 4:07,THASOS,
0xa2ad208d2dab4018ab4b5bc8a7a92b3b66d33d58,109,10.536200,42.917360,83,511,01-06-15 4:07,PORTO FERRAIO,
0x121e06dcc81000bb03cddf7e8281375b2009d4f1,144,10.557320,42.924920,206,511,01-06-15 4:07,PIOMBINO,
0x1618b2bca3eb2fd6338f5456f03e02e7dbd3c9bd,96,28.260170,36.577930,71,511,01-06-15 4:08,ALIAGA,56
0x0fe9acdb3675a8a2942fafbd4af61bc37e44c0ec,64,23.600280,37.939110,1,353,01-06-15 4:08,SALERNO,88
0xfba45ad52063daf3b71d1f91a81ac6efa114e51f,118,15.592220,38.208710,98,511,01-06-15 4:08,MESSINA,
0x5aa8e2337c112b6369c0c5e09a7fba81f9df7ef4,9,15.615230,38.221450,258,511,01-06-15 4:08,VILLA SAN GIOVANNI,
0xcd5d32ea8b221264963561ceab14ad55f1aacba1,0,17.216180,40.449540,276,201,01-06-15 4:08,TARANTO,91
0x892041b57919f5ac5e646968c8ab007572d86bcf,72,11.770580,42.103240,132,133,01-06-15 4:08,PORTO FERRAIO,
0xf867f4e189e196d53f88733d1d542c99cac7f338,146,10.349800,42.825870,35,215,01-06-15 4:08,PORTO FERRAIO,
0xf224132486e5c23dbe8e2ce78099c296495c5779,0,14.503330,35.879480,5,511,01-06-15 4:09,MESSINA,45
0x937cd8417cb81a980a0306ac76527b938e1d049a,58,23.600280,37.940980,356,358,01-06-15 4:09,PIRAEUS,
0xa86e20af379a85f190b043124beb5cd6dc1ea3c5,39,23.597100,37.951350,353,511,01-06-15 4:09,PIRAEUS,
0x272bf1dd836a524310a5ed61e527a19955becaf3,7,15.560900,38.192350,356,511,01-06-15 4:09,VILLA SAN GIOVANNI,
0x577f07ab34216d10f532b93d183e7c9401023d06,7,15.630460,38.219590,304,511,01-06-15 4:09,MESSINA,
0x089d5b2b97b23310dea56b668293987ec0e0ae2b,79,24.697550,40.795480,350,511,01-06-15 4:09,THASOS,
0xeb5b81ca5adb818f7e5ea3455325ce02de91f351,0,23.641000,37.944500,221,511,01-06-15 4:10,AEGINA,
0xfba45ad52063daf3b71d1f91a81ac6efa114e51f,12,15.601120,38.207710,98,511,01-06-15 4:10,MESSINA,
0xd5d68e374383c39b1b61cbdf42466ed4d5d9bf90,0,15.632580,38.216450,126,511,01-06-15 4:10,MESSINA,
0x5aa8e2337c112b6369c0c5e09a7fba81f9df7ef4,91,15.608430,38.220210,256,511,01-06-15 4:10,VILLA SAN GIOVANNI,
0xb2da98e531a9ff33be9af3dd7d4f164db0e0988d,1,14.754730,40.655180,166,319,01-06-15 4:10,SALERNO,55
0x2b0b6f0ff040f09b2b4c7eafe9fa25d956b79619,6,24.699940,40.858190,110,511,01-06-15 4:10,THASOS,
0x892041b57919f5ac5e646968c8ab007572d86bcf,66,11.774230,42.100660,134,134,01-06-15 4:10,PORTO FERRAIO,
0xf867f4e189e196d53f88733d1d542c99cac7f338,145,10.358200,42.834560,34,211,01-06-15 4:10,PORTO FERRAIO,
0x121e06dcc81000bb03cddf7e8281375b2009d4f1,15,10.548320,42.912920,213,511,01-06-15 4:10,PIOMBINO,
0x0f508fe49149befff54f4518bc861ffb542643b8,1,24.076170,35.490500,92,21,01-06-15 4:11,PIRAEUS,
0x1618b2bca3eb2fd6338f5456f03e02e7dbd3c9bd,96,28.266970,36.579700,72,511,01-06-15 4:11,ALIAGA,56
0xa86e20af379a85f190b043124beb5cd6dc1ea3c5,2,23.596480,37.953500,340,511,01-06-15 4:11,PIRAEUS,
0x0fe9acdb3675a8a2942fafbd4af61bc37e44c0ec,44,23.599320,37.943410,336,334,01-06-15 4:11,SALERNO,88
0x272bf1dd836a524310a5ed61e527a19955becaf3,76,15.561190,38.196510,15,511,01-06-15 4:11,VILLA SAN GIOVANNI,
0xf8340a46fb9efffd1dc790f20bd79eb782e2ee32,1,14.242770,40.564150,128,39,01-06-15 4:11,SALERNO,
0x089d5b2b97b23310dea56b668293987ec0e0ae2b,85,24.696650,40.799980,349,511,01-06-15 4:11,THASOS,
0x9c2f4a52cefcef0b47d4caa7b809e89ee5825e39,0,10.322870,42.811100,244,301,01-06-15 4:12,PORTO FERRAIO,
0x937cd8417cb81a980a0306ac76527b938e1d049a,36,23.598820,37.944750,336,339,01-06-15 4:12,PIRAEUS,
0x5aa8e2337c112b6369c0c5e09a7fba81f9df7ef4,9,15.602250,38.219230,255,511,01-06-15 4:12,VILLA SAN GIOVANNI,
0x577f07ab34216d10f532b93d183e7c9401023d06,4,15.627860,38.220070,156,511,01-06-15 4:12,VILLA SAN GIOVANNI,
0x892041b57919f5ac5e646968c8ab007572d86bcf,75,11.778270,42.097550,137,139,01-06-15 4:12,PORTO FERRAIO,
0xfba45ad52063daf3b71d1f91a81ac6efa114e51f,12,15.612210,38.210800,59,511,01-06-15 4:13,MESSINA,
0x089d5b2b97b23310dea56b668293987ec0e0ae2b,85,24.695500,40.804600,346,511,01-06-15 4:13,THASOS,
0x1618b2bca3eb2fd6338f5456f03e02e7dbd3c9bd,96,28.273320,36.581320,72,511,01-06-15 4:13,ALIAGA,56
0x365a69834c43a4457fe1a2c11b459fa472b470db,0,15.291920,37.125480,214,309,01-06-15 4:13,AUGUSTA,113
0x272bf1dd836a524310a5ed61e527a19955becaf3,107,15.566200,38.199630,67,511,01-06-15 4:13,VILLA SAN GIOVANNI,
0x53a9d0093c0aff12fcc97ee1980bb9195e9181a9,0,14.781620,40.642050,82,185,01-06-15 4:13,SALERNO,56
0xf867f4e189e196d53f88733d1d542c99cac7f338,144,10.367650,42.844630,36,214,01-06-15 4:13,PORTO FERRAIO,
0x577f07ab34216d10f532b93d183e7c9401023d06,92,15.624870,38.218300,269,511,01-06-15 4:14,VILLA SAN GIOVANNI,
0x0fe9acdb3675a8a2942fafbd4af61bc37e44c0ec,33,23.597700,37.946440,337,343,01-06-15 4:14,SALERNO,88
0x5aa8e2337c112b6369c0c5e09a7fba81f9df7ef4,92,15.596060,38.217860,252,511,01-06-15 4:14,VILLA SAN GIOVANNI,
0x86b41c591b46dee7d79e435609ad7156116d2960,0,13.939500,40.745320,340,143,01-06-15 4:14,PROCIDA ,
0x2b0b6f0ff040f09b2b4c7eafe9fa25d956b79619,0,24.702180,40.857450,39,511,01-06-15 4:14,THASOS,
0x892041b57919f5ac5e646968c8ab007572d86bcf,45,11.780960,42.095280,136,137,01-06-15 4:14,PORTO FERRAIO,
0x121e06dcc81000bb03cddf7e8281375b2009d4f1,148,10.534340,42.906250,249,511,01-06-15 4:14,PIOMBINO,
0x1618b2bca3eb2fd6338f5456f03e02e7dbd3c9bd,97,28.279680,36.583030,72,511,01-06-15 4:15,ALIAGA,56
0x937cd8417cb81a980a0306ac76527b938e1d049a,31,23.597750,37.946730,337,338,01-06-15 4:15,PIRAEUS,
0x272bf1dd836a524310a5ed61e527a19955becaf3,109,15.575060,38.201190,83,511,01-06-15 4:15,MESSINA,
0x089d5b2b97b23310dea56b668293987ec0e0ae2b,84,24.694100,40.809580,345,511,01-06-15 4:15,THASOS,
0xf867f4e189e196d53f88733d1d542c99cac7f338,144,10.374660,42.851200,41,219,01-06-15 4:16,PORTO FERRAIO,
0x808e10442d2044398b5df8609e3c33dbdc33abe2,0,23.650630,37.933360,0,2,01-06-15 4:16,PERAMA,
0xa86e20af379a85f190b043124beb5cd6dc1ea3c5,4,23.595680,37.954970,324,511,01-06-15 4:16,PIRAEUS,
0x46feaedb4a137f139c67a0e3d063ddb2f644270e,9,15.524270,38.132330,246,511,01-06-15 4:16,VILLA SAN GIOVANNI,
0x5aa8e2337c112b6369c0c5e09a7fba81f9df7ef4,91,15.589850,38.216510,254,511,01-06-15 4:16,VILLA SAN GIOVANNI,
0xfba45ad52063daf3b71d1f91a81ac6efa114e51f,122,15.622670,38.216570,55,511,01-06-15 4:16,MESSINA,
0x577f07ab34216d10f532b93d183e7c9401023d06,138,15.616150,38.218230,263,511,01-06-15 4:16,VILLA SAN GIOVANNI,
0x892041b57919f5ac5e646968c8ab007572d86bcf,32,11.782940,42.093670,137,138,01-06-15 4:16,PORTO FERRAIO,
0x121e06dcc81000bb03cddf7e8281375b2009d4f1,147,10.523780,42.903570,250,511,01-06-15 4:16,PIOMBINO,
0x7c2ce5f5e017286742f6789a03ebd327e6f14a8b,0,25.144020,35.344400,23,346,01-06-15 4:17,PIRAEUS,
0x1618b2bca3eb2fd6338f5456f03e02e7dbd3c9bd,96,28.287220,36.584870,73,511,01-06-15 4:17,ALIAGA,56
0x937cd8417cb81a980a0306ac76527b938e1d049a,29,23.597280,37.948200,350,355,01-06-15 4:17,PIRAEUS,
0x46feaedb4a137f139c67a0e3d063ddb2f644270e,1,15.524130,38.132290,177,511,01-06-15 4:18,VILLA SAN GIOVANNI,
0x272bf1dd836a524310a5ed61e527a19955becaf3,108,15.586480,38.202730,80,511,01-06-15 4:18,MESSINA,
0x407e7fbe284326248f8cf440155cc4a2d07443e3,1,15.562090,38.209340,179,239,01-06-15 4:18,VILLA SAN GIOVANNI,
0x5aa8e2337c112b6369c0c5e09a7fba81f9df7ef4,92,15.583680,38.215260,257,511,01-06-15 4:18,VILLA SAN GIOVANNI,
0x577f07ab34216d10f532b93d183e7c9401023d06,139,15.606510,38.216870,261,511,01-06-15 4:18,VILLA SAN GIOVANNI,
0x892041b57919f5ac5e646968c8ab007572d86bcf,24,11.784290,42.092540,139,139,01-06-15 4:18,PORTO FERRAIO,
0xf867f4e189e196d53f88733d1d542c99cac7f338,146,10.382220,42.857430,41,219,01-06-15 4:18,PORTO FERRAIO,
0x121e06dcc81000bb03cddf7e8281375b2009d4f1,149,10.513280,42.900710,250,511,01-06-15 4:18,PIOMBINO,
