SHIP_ID,speed,LON,LAT,COURSE,HEADING,TIMESTAMP,Departure_Port_Name,Reported_Draught
0x0fe9acdb3675a8a2942fafbd4af61bc37e44c0ec,45,14.7490,40.66721,197,223,30-05-15 04:35:00,SALERNO,88
0x0fe9acdb3675a8a2942fafbd4af61bc37e44c0ec,42,14.7466,40.66562,249,255,30-05-15 04:37:00,SALERNO,88
0x0fe9acdb3675a8a2942fafbd4af61bc37e44c0ec,57,14.7432,40.66491,255,253,30-05-15 04:39:00,SALERNO,88
0x0fe9acdb3675a8a2942fafbd4af61bc37e44c0ec,77,14.7387,40.66338,230,222,30-05-15 04:41:00,SALERNO,88
0x0fe9acdb3675a8a2942fafbd4af61bc37e44c0ec,97,14.7347,40.65952,214,212,30-05-15 04:43:00,SALERNO,88
0x0fe9acdb3675a8a2942fafbd4af61bc37e44c0ec,105,14.7310,40.65451,203,200,30-05-15 04:45:00,SALERNO,88
0x0fe9acdb3675a8a2942fafbd4af61bc37e44c0ec,123,14.7278,40.64826,201,199,30-05-15 04:47:00,SALERNO,88
0x0fe9acdb3675a8a2942fafbd4af61bc37e44c0ec,14,14.7244,40.6412,199,197,30-05-15 04:49:00,SALERNO,88
0x0fe9acdb3675a8a2942fafbd4af61bc37e44c0ec,144,14.7207,40.63381,201,195,30-05-15 04:51:00,SALERNO,88
0x0fe9acdb3675a8a2942fafbd4af61bc37e44c0ec,143,14.7189,40.62612,185,186,30-05-15 04:53:00,SALERNO,88
0x0fe9acdb3675a8a2942fafbd4af61bc37e44c0ec,145,14.7180,40.61765,183,185,30-05-15 04:55:00,SALERNO,88
0x0fe9acdb3675a8a2942fafbd4af61bc37e44c0ec,146,14.7178,40.60912,181,184,30-05-15 04:57:00,SALERNO,88
0x0fe9acdb3675a8a2942fafbd4af61bc37e44c0ec,145,14.7175,40.59698,181,183,30-05-15 05:00:00,SALERNO,88
0x0fe9acdb3675a8a2942fafbd4af61bc37e44c0ec,144,14.7168,40.58492,182,182,30-05-15 05:03:00,SALERNO,88
0x0fe9acdb3675a8a2942fafbd4af61bc37e44c0ec,144,14.7160,40.57292,181,180,30-05-15 05:06:00,SALERNO,88
0x0fe9acdb3675a8a2942fafbd4af61bc37e44c0ec,147,14.7163,40.56031,179,180,30-05-15 05:09:00,SALERNO,88
0x0fe9acdb3675a8a2942fafbd4af61bc37e44c0ec,148,14.7165,40.548,179,179,30-05-15 05:12:00,SALERNO,88
0x0fe9acdb3675a8a2942fafbd4af61bc37e44c0ec,148,14.7166,40.53563,180,180,30-05-15 05:15:00,SALERNO,88
0x0fe9acdb3675a8a2942fafbd4af61bc37e44c0ec,148,14.7167,40.5232,179,179,30-05-15 05:18:00,SALERNO,88
0x0fe9acdb3675a8a2942fafbd4af61bc37e44c0ec,148,14.7165,40.5108,180,179,30-05-15 05:21:00,SALERNO,88
0x0fe9acdb3675a8a2942fafbd4af61bc37e44c0ec,149,14.7162,40.49833,180,179,30-05-15 05:24:00,SALERNO,88
0x0fe9acdb3675a8a2942fafbd4af61bc37e44c0ec,146,14.7160,40.48601,179,180,30-05-15 05:27:00,SALERNO,88
0x0fe9acdb3675a8a2942fafbd4af61bc37e44c0ec,146,14.7160,40.47375,181,180,30-05-15 05:30:00,SALERNO,88
0x0fe9acdb3675a8a2942fafbd4af61bc37e44c0ec,147,14.7157,40.46076,181,179,30-05-15 05:33:00,SALERNO,88
0x0fe9acdb3675a8a2942fafbd4af61bc37e44c0ec,147,14.7152,40.44836,182,178,30-05-15 05:36:00,SALERNO,88
0x0fe9acdb3675a8a2942fafbd4af61bc37e44c0ec,148,14.7151,40.43609,184,182,30-05-15 05:39:00,SALERNO,88
0x0fe9acdb3675a8a2942fafbd4af61bc37e44c0ec,147,14.7141,40.42381,183,182,30-05-15 05:42:00,SALERNO,88
0x0fe9acdb3675a8a2942fafbd4af61bc37e44c0ec,146,14.7132,40.41156,183,182,30-05-15 05:45:00,SALERNO,88
0x0fe9acdb3675a8a2942fafbd4af61bc37e44c0ec,146,14.7126,40.40255,183,180,30-05-15 05:48:00,SALERNO,88
0x0fe9acdb3675a8a2942fafbd4af61bc37e44c0ec,145,14.7123,40.37599,181,179,30-05-15 05:54:00,SALERNO,88
0x0fe9acdb3675a8a2942fafbd4af61bc37e44c0ec,145,14.7120,40.36347,180,179,30-05-15 05:57:00,SALERNO,88
0x0fe9acdb3675a8a2942fafbd4af61bc37e44c0ec,145,14.7123,40.35141,178,177,30-05-15 06:00:00,SALERNO,88
0x0fe9acdb3675a8a2942fafbd4af61bc37e44c0ec,144,14.7127,40.33892,178,177,30-05-15 06:03:00,SALERNO,88
0x0fe9acdb3675a8a2942fafbd4af61bc37e44c0ec,145,14.7131,40.32645,178,177,30-05-15 06:06:00,SALERNO,88
0x0fe9acdb3675a8a2942fafbd4af61bc37e44c0ec,145,14.7137,40.31427,178,177,30-05-15 06:09:00,SALERNO,88
0x0fe9acdb3675a8a2942fafbd4af61bc37e44c0ec,145,14.7140,40.30582,178,177,30-05-15 06:12:00,SALERNO,88
0x0fe9acdb3675a8a2942fafbd4af61bc37e44c0ec,145,14.7144,40.29742,178,177,30-05-15 06:14:00,SALERNO,88
0x0fe9acdb3675a8a2942fafbd4af61bc37e44c0ec,145,14.7147,40.28849,177,177,30-05-15 06:16:00,SALERNO,88
0x0fe9acdb3675a8a2942fafbd4af61bc37e44c0ec,145,14.7153,40.276,178,177,30-05-15 06:19:00,SALERNO,88
0x0fe9acdb3675a8a2942fafbd4af61bc37e44c0ec,144,14.7156,40.26799,178,176,30-05-15 06:21:00,SALERNO,88
0x0fe9acdb3675a8a2942fafbd4af61bc37e44c0ec,145,15.3253,39.02152,153,156,30-05-15 11:46:00,SALERNO,88
0x0fe9acdb3675a8a2942fafbd4af61bc37e44c0ec,146,15.3433,38.98343,160,160,30-05-15 11:56:00,SALERNO,88
0x0fe9acdb3675a8a2942fafbd4af61bc37e44c0ec,147,15.3581,38.95249,159,158,30-05-15 12:04:00,SALERNO,88
0x0fe9acdb3675a8a2942fafbd4af61bc37e44c0ec,148,15.3619,38.94435,159,158,30-05-15 12:07:00,SALERNO,88
0x0fe9acdb3675a8a2942fafbd4af61bc37e44c0ec,148,15.3910,38.88328,158,156,30-05-15 12:22:00,SALERNO,88
0x0fe9acdb3675a8a2942fafbd4af61bc37e44c0ec,148,15.4181,38.83017,159,157,30-05-15 12:36:00,SALERNO,88
0x0fe9acdb3675a8a2942fafbd4af61bc37e44c0ec,148,15.4285,38.80862,159,158,30-05-15 12:42:00,SALERNO,88
0x0fe9acdb3675a8a2942fafbd4af61bc37e44c0ec,148,15.4364,38.79191,159,157,30-05-15 12:46:00,SALERNO,88
0x0fe9acdb3675a8a2942fafbd4af61bc37e44c0ec,149,15.4463,38.77131,159,158,30-05-15 12:51:00,SALERNO,88
0x0fe9acdb3675a8a2942fafbd4af61bc37e44c0ec,149,15.4552,38.75305,159,158,30-05-15 12:56:00,SALERNO,88
0x0fe9acdb3675a8a2942fafbd4af61bc37e44c0ec,151,15.4660,38.73089,159,157,30-05-15 13:02:00,SALERNO,88
0x0fe9acdb3675a8a2942fafbd4af61bc37e44c0ec,152,15.4695,38.72373,158,156,30-05-15 13:04:00,SALERNO,88
0x0fe9acdb3675a8a2942fafbd4af61bc37e44c0ec,152,15.4830,38.69613,159,156,30-05-15 13:11:00,SALERNO,88
0x0fe9acdb3675a8a2942fafbd4af61bc37e44c0ec,152,15.4903,38.68102,159,156,30-05-15 13:14:00,SALERNO,88
0x0fe9acdb3675a8a2942fafbd4af61bc37e44c0ec,151,15.4963,38.66829,159,157,30-05-15 13:18:00,SALERNO,88
0x0fe9acdb3675a8a2942fafbd4af61bc37e44c0ec,151,15.5023,38.65579,159,156,30-05-15 13:21:00,SALERNO,88
0x0fe9acdb3675a8a2942fafbd4af61bc37e44c0ec,151,15.5152,38.62869,159,156,30-05-15 13:28:00,SALERNO,88
0x0fe9acdb3675a8a2942fafbd4af61bc37e44c0ec,151,15.5203,38.6181,159,156,30-05-15 13:30:00,SALERNO,88
0x0fe9acdb3675a8a2942fafbd4af61bc37e44c0ec,151,15.5247,38.60869,159,157,30-05-15 13:33:00,SALERNO,88
0x0fe9acdb3675a8a2942fafbd4af61bc37e44c0ec,15,15.5314,38.59452,160,157,30-05-15 13:36:00,SALERNO,88
0x0fe9acdb3675a8a2942fafbd4af61bc37e44c0ec,15,15.5357,38.58521,159,156,30-05-15 13:39:00,SALERNO,88
0x0fe9acdb3675a8a2942fafbd4af61bc37e44c0ec,148,15.5400,38.57628,159,156,30-05-15 13:41:00,SALERNO,88
0x0fe9acdb3675a8a2942fafbd4af61bc37e44c0ec,148,15.5462,38.5636,159,157,30-05-15 13:44:00,SALERNO,88
0x0fe9acdb3675a8a2942fafbd4af61bc37e44c0ec,148,15.5528,38.54959,159,156,30-05-15 13:48:00,SALERNO,88
0x0fe9acdb3675a8a2942fafbd4af61bc37e44c0ec,148,15.5567,38.5415,159,156,30-05-15 13:50:00,SALERNO,88
0x0fe9acdb3675a8a2942fafbd4af61bc37e44c0ec,147,15.5625,38.52959,159,156,30-05-15 13:53:00,SALERNO,88
0x0fe9acdb3675a8a2942fafbd4af61bc37e44c0ec,147,15.5682,38.51768,159,156,30-05-15 13:56:00,SALERNO,88
0x0fe9acdb3675a8a2942fafbd4af61bc37e44c0ec,147,15.5725,38.5088,159,156,30-05-15 13:59:00,SALERNO,88
0x0fe9acdb3675a8a2942fafbd4af61bc37e44c0ec,147,15.5766,38.50045,159,157,30-05-15 14:01:00,SALERNO,88
0x0fe9acdb3675a8a2942fafbd4af61bc37e44c0ec,148,15.5805,38.49189,162,160,30-05-15 14:03:00,SALERNO,88
0x0fe9acdb3675a8a2942fafbd4af61bc37e44c0ec,148,15.5837,38.48407,162,160,30-05-15 14:05:00,SALERNO,88
0x0fe9acdb3675a8a2942fafbd4af61bc37e44c0ec,148,15.5868,38.47626,162,160,30-05-15 14:07:00,SALERNO,88
0x0fe9acdb3675a8a2942fafbd4af61bc37e44c0ec,148,15.5900,38.46843,162,159,30-05-15 14:09:00,SALERNO,88
0x0fe9acdb3675a8a2942fafbd4af61bc37e44c0ec,148,15.5935,38.4598,162,159,30-05-15 14:11:00,SALERNO,88
0x0fe9acdb3675a8a2942fafbd4af61bc37e44c0ec,148,15.5983,38.44801,162,160,30-05-15 14:14:00,SALERNO,88
0x0fe9acdb3675a8a2942fafbd4af61bc37e44c0ec,147,15.6027,38.43781,158,155,30-05-15 14:17:00,SALERNO,88
0x0fe9acdb3675a8a2942fafbd4af61bc37e44c0ec,147,15.6066,38.43023,158,156,30-05-15 14:19:00,SALERNO,88
0x0fe9acdb3675a8a2942fafbd4af61bc37e44c0ec,147,15.6106,38.42233,158,155,30-05-15 14:21:00,SALERNO,88
0x0fe9acdb3675a8a2942fafbd4af61bc37e44c0ec,147,15.6148,38.41425,158,155,30-05-15 14:23:00,SALERNO,88
0x0fe9acdb3675a8a2942fafbd4af61bc37e44c0ec,147,15.6187,38.40651,158,156,30-05-15 14:25:00,SALERNO,88
0x0fe9acdb3675a8a2942fafbd4af61bc37e44c0ec,148,15.6225,38.39899,158,156,30-05-15 14:27:00,SALERNO,88
0x0fe9acdb3675a8a2942fafbd4af61bc37e44c0ec,147,15.6256,38.39285,157,155,30-05-15 14:29:00,SALERNO,88
0x0fe9acdb3675a8a2942fafbd4af61bc37e44c0ec,148,15.6299,38.38447,158,155,30-05-15 14:31:00,SALERNO,88
0x0fe9acdb3675a8a2942fafbd4af61bc37e44c0ec,148,15.6338,38.37682,158,155,30-05-15 14:33:00,SALERNO,88
0x0fe9acdb3675a8a2942fafbd4af61bc37e44c0ec,148,15.6377,38.36903,158,156,30-05-15 14:35:00,SALERNO,88
0x0fe9acdb3675a8a2942fafbd4af61bc37e44c0ec,147,15.6428,38.35921,158,155,30-05-15 14:37:00,SALERNO,88
0x0fe9acdb3675a8a2942fafbd4af61bc37e44c0ec,147,15.6472,38.35082,157,156,30-05-15 14:40:00,SALERNO,88
0x0fe9acdb3675a8a2942fafbd4af61bc37e44c0ec,147,15.6520,38.34176,155,153,30-05-15 14:42:00,SALERNO,88
0x0fe9acdb3675a8a2942fafbd4af61bc37e44c0ec,147,15.6564,38.33438,154,153,30-05-15 14:44:00,SALERNO,88
0x0fe9acdb3675a8a2942fafbd4af61bc37e44c0ec,146,15.6610,38.32699,153,153,30-05-15 14:46:00,SALERNO,88
0x0fe9acdb3675a8a2942fafbd4af61bc37e44c0ec,126,15.6652,38.32019,154,153,30-05-15 14:48:00,SALERNO,88
0x0fe9acdb3675a8a2942fafbd4af61bc37e44c0ec,103,15.6690,38.31401,153,153,30-05-15 14:50:00,SALERNO,88
0x0fe9acdb3675a8a2942fafbd4af61bc37e44c0ec,91,15.6727,38.30807,154,158,30-05-15 14:53:00,SALERNO,88
0x0fe9acdb3675a8a2942fafbd4af61bc37e44c0ec,85,15.6745,38.30341,178,182,30-05-15 14:55:00,SALERNO,88
0x0fe9acdb3675a8a2942fafbd4af61bc37e44c0ec,98,15.6742,38.29809,184,183,30-05-15 14:57:00,SALERNO,88
0x0fe9acdb3675a8a2942fafbd4af61bc37e44c0ec,107,15.6737,38.29247,184,184,30-05-15 14:59:00,SALERNO,88
0x0fe9acdb3675a8a2942fafbd4af61bc37e44c0ec,141,15.6728,38.28428,185,184,30-05-15 15:01:00,SALERNO,88
0x0fe9acdb3675a8a2942fafbd4af61bc37e44c0ec,158,15.6705,38.27125,206,213,30-05-15 15:04:00,SALERNO,88
0x0fe9acdb3675a8a2942fafbd4af61bc37e44c0ec,173,15.6586,38.25993,236,239,30-05-15 15:07:00,SALERNO,88
0x0fe9acdb3675a8a2942fafbd4af61bc37e44c0ec,16,15.6417,38.25167,234,241,30-05-15 15:11:00,SALERNO,88
0x0fe9acdb3675a8a2942fafbd4af61bc37e44c0ec,152,15.6315,38.24758,242,240,30-05-15 15:13:00,SALERNO,88
0x0fe9acdb3675a8a2942fafbd4af61bc37e44c0ec,153,15.6219,38.2437,242,240,30-05-15 15:15:00,SALERNO,88
0x0fe9acdb3675a8a2942fafbd4af61bc37e44c0ec,155,15.6123,38.23955,234,226,30-05-15 15:17:00,SALERNO,88
0x0fe9acdb3675a8a2942fafbd4af61bc37e44c0ec,16,15.6052,38.23294,212,211,30-05-15 15:19:00,SALERNO,88
0x0fe9acdb3675a8a2942fafbd4af61bc37e44c0ec,171,15.5985,38.22475,213,211,30-05-15 15:21:00,SALERNO,88
0x0fe9acdb3675a8a2942fafbd4af61bc37e44c0ec,167,15.5922,38.21652,199,193,30-05-15 15:23:00,SALERNO,88
0x0fe9acdb3675a8a2942fafbd4af61bc37e44c0ec,174,15.5891,38.2068,189,186,30-05-15 15:25:00,SALERNO,88
0x0fe9acdb3675a8a2942fafbd4af61bc37e44c0ec,176,15.5873,38.19573,187,185,30-05-15 15:27:00,SALERNO,88
0x0fe9acdb3675a8a2942fafbd4af61bc37e44c0ec,175,15.5853,38.18127,184,185,30-05-15 15:30:00,SALERNO,88
0x0fe9acdb3675a8a2942fafbd4af61bc37e44c0ec,173,15.5832,38.16661,189,190,30-05-15 15:33:00,SALERNO,88
0x0fe9acdb3675a8a2942fafbd4af61bc37e44c0ec,166,15.5803,38.15273,189,191,30-05-15 15:36:00,SALERNO,88
0x0fe9acdb3675a8a2942fafbd4af61bc37e44c0ec,159,15.5776,38.13895,185,183,30-05-15 15:39:00,SALERNO,88
0x0fe9acdb3675a8a2942fafbd4af61bc37e44c0ec,147,15.5780,38.12593,178,178,30-05-15 15:42:00,SALERNO,88
0x0fe9acdb3675a8a2942fafbd4af61bc37e44c0ec,147,15.5780,38.12593,178,178,30-05-15 15:42:00,SALERNO,88
0x0fe9acdb3675a8a2942fafbd4af61bc37e44c0ec,149,15.5780,38.11351,180,179,30-05-15 15:45:00,SALERNO,88
0x0fe9acdb3675a8a2942fafbd4af61bc37e44c0ec,151,15.5775,38.10108,182,178,30-05-15 15:48:00,SALERNO,88
0x0fe9acdb3675a8a2942fafbd4af61bc37e44c0ec,154,15.5769,38.08843,182,179,30-05-15 15:51:00,SALERNO,88
0x0fe9acdb3675a8a2942fafbd4af61bc37e44c0ec,153,15.5766,38.07558,181,179,30-05-15 15:54:00,SALERNO,88
0x0fe9acdb3675a8a2942fafbd4af61bc37e44c0ec,148,15.5764,38.06301,180,179,30-05-15 15:57:00,SALERNO,88
0x0fe9acdb3675a8a2942fafbd4af61bc37e44c0ec,146,15.5763,38.05071,180,178,30-05-15 16:00:00,SALERNO,88
0x0fe9acdb3675a8a2942fafbd4af61bc37e44c0ec,147,15.5764,38.03839,179,178,30-05-15 16:03:00,SALERNO,88
0x0fe9acdb3675a8a2942fafbd4af61bc37e44c0ec,147,15.5767,38.02567,179,178,30-05-15 16:07:00,SALERNO,88
0x0fe9acdb3675a8a2942fafbd4af61bc37e44c0ec,147,15.5770,38.01745,178,177,30-05-15 16:09:00,SALERNO,88
0x0fe9acdb3675a8a2942fafbd4af61bc37e44c0ec,147,15.5774,38.00895,178,178,30-05-15 16:11:00,SALERNO,88
0x0fe9acdb3675a8a2942fafbd4af61bc37e44c0ec,147,15.5776,38.00073,177,177,30-05-15 16:13:00,SALERNO,88
0x0fe9acdb3675a8a2942fafbd4af61bc37e44c0ec,146,15.5780,37.99182,176,178,30-05-15 16:15:00,SALERNO,88
0x0fe9acdb3675a8a2942fafbd4af61bc37e44c0ec,145,15.5785,37.98373,177,177,30-05-15 16:17:00,SALERNO,88
0x0fe9acdb3675a8a2942fafbd4af61bc37e44c0ec,145,15.5791,37.97529,177,179,30-05-15 16:19:00,SALERNO,88
0x0fe9acdb3675a8a2942fafbd4af61bc37e44c0ec,144,15.5796,37.96727,178,178,30-05-15 16:21:00,SALERNO,88
0x0fe9acdb3675a8a2942fafbd4af61bc37e44c0ec,144,15.5800,37.95887,177,177,30-05-15 16:23:00,SALERNO,88
0x0fe9acdb3675a8a2942fafbd4af61bc37e44c0ec,145,15.5805,37.94677,177,177,30-05-15 16:26:00,SALERNO,88
0x0fe9acdb3675a8a2942fafbd4af61bc37e44c0ec,145,15.5813,37.93369,178,177,30-05-15 16:29:00,SALERNO,88
0x0fe9acdb3675a8a2942fafbd4af61bc37e44c0ec,147,15.5821,37.92157,178,178,30-05-15 16:32:00,SALERNO,88
0x0fe9acdb3675a8a2942fafbd4af61bc37e44c0ec,134,15.5861,37.91061,136,132,30-05-15 16:35:00,SALERNO,88
0x0fe9acdb3675a8a2942fafbd4af61bc37e44c0ec,143,15.5968,37.90258,134,133,30-05-15 16:38:00,SALERNO,88
0x0fe9acdb3675a8a2942fafbd4af61bc37e44c0ec,146,15.6075,37.89398,135,133,30-05-15 16:41:00,SALERNO,88
0x0fe9acdb3675a8a2942fafbd4af61bc37e44c0ec,147,15.6186,37.88527,135,134,30-05-15 16:44:00,SALERNO,88
0x0fe9acdb3675a8a2942fafbd4af61bc37e44c0ec,146,15.6304,37.87602,133,131,30-05-15 16:47:00,SALERNO,88
0x0fe9acdb3675a8a2942fafbd4af61bc37e44c0ec,145,15.6382,37.87031,132,131,30-05-15 16:50:00,SALERNO,88
0x0fe9acdb3675a8a2942fafbd4af61bc37e44c0ec,146,15.6458,37.86481,131,131,30-05-15 16:52:00,SALERNO,88
0x0fe9acdb3675a8a2942fafbd4af61bc37e44c0ec,147,15.6539,37.85915,130,131,30-05-15 16:54:00,SALERNO,88
0x0fe9acdb3675a8a2942fafbd4af61bc37e44c0ec,149,15.6618,37.85369,131,131,30-05-15 16:56:00,SALERNO,88
0x0fe9acdb3675a8a2942fafbd4af61bc37e44c0ec,147,15.6709,37.84752,130,130,30-05-15 16:58:00,SALERNO,88
0x0fe9acdb3675a8a2942fafbd4af61bc37e44c0ec,147,15.6800,37.84146,129,130,30-05-15 17:00:00,SALERNO,88
0x0fe9acdb3675a8a2942fafbd4af61bc37e44c0ec,148,15.6900,37.83493,128,131,30-05-15 17:03:00,SALERNO,88
0x0fe9acdb3675a8a2942fafbd4af61bc37e44c0ec,147,15.7047,37.82521,130,130,30-05-15 17:06:00,SALERNO,88
0x0fe9acdb3675a8a2942fafbd4af61bc37e44c0ec,145,15.7194,37.81963,103,106,30-05-15 17:10:00,SALERNO,88
0x0fe9acdb3675a8a2942fafbd4af61bc37e44c0ec,149,15.7343,37.81616,106,108,30-05-15 17:13:00,SALERNO,88
0x0fe9acdb3675a8a2942fafbd4af61bc37e44c0ec,15,15.7450,37.8137,106,108,30-05-15 17:15:00,SALERNO,88
0x0fe9acdb3675a8a2942fafbd4af61bc37e44c0ec,151,15.7555,37.81112,107,108,30-05-15 17:17:00,SALERNO,88
0x0fe9acdb3675a8a2942fafbd4af61bc37e44c0ec,151,15.7662,37.80842,107,108,30-05-15 17:19:00,SALERNO,88
0x0fe9acdb3675a8a2942fafbd4af61bc37e44c0ec,152,15.7829,37.80408,108,108,30-05-15 17:22:00,SALERNO,88
0x0fe9acdb3675a8a2942fafbd4af61bc37e44c0ec,152,15.7951,37.80093,107,106,30-05-15 17:25:00,SALERNO,88
0x0fe9acdb3675a8a2942fafbd4af61bc37e44c0ec,151,15.8098,37.79729,107,107,30-05-15 17:28:00,SALERNO,88
0x0fe9acdb3675a8a2942fafbd4af61bc37e44c0ec,151,15.8225,37.79423,105,105,30-05-15 17:30:00,SALERNO,88
0x0fe9acdb3675a8a2942fafbd4af61bc37e44c0ec,152,15.8395,37.79043,106,106,30-05-15 17:33:00,SALERNO,88
0x0fe9acdb3675a8a2942fafbd4af61bc37e44c0ec,151,15.8594,37.78588,106,106,30-05-15 17:37:00,SALERNO,88
0x0fe9acdb3675a8a2942fafbd4af61bc37e44c0ec,15,15.8722,37.783,106,106,30-05-15 17:40:00,SALERNO,88
0x0fe9acdb3675a8a2942fafbd4af61bc37e44c0ec,151,15.8824,37.78068,106,106,30-05-15 17:42:00,SALERNO,88
0x0fe9acdb3675a8a2942fafbd4af61bc37e44c0ec,151,15.8936,37.77802,106,106,30-05-15 17:44:00,SALERNO,88
0x0fe9acdb3675a8a2942fafbd4af61bc37e44c0ec,151,15.9088,37.77435,107,105,30-05-15 17:47:00,SALERNO,88
0x0fe9acdb3675a8a2942fafbd4af61bc37e44c0ec,151,15.9251,37.77043,106,105,30-05-15 17:50:00,SALERNO,88
0x0fe9acdb3675a8a2942fafbd4af61bc37e44c0ec,151,15.9413,37.76645,107,105,30-05-15 17:53:00,SALERNO,88
0x0fe9acdb3675a8a2942fafbd4af61bc37e44c0ec,151,15.9576,37.76242,107,106,30-05-15 17:57:00,SALERNO,88
0x0fe9acdb3675a8a2942fafbd4af61bc37e44c0ec,151,15.9688,37.75965,107,105,30-05-15 17:59:00,SALERNO,88
0x0fe9acdb3675a8a2942fafbd4af61bc37e44c0ec,151,15.9839,37.7558,107,105,30-05-15 18:02:00,SALERNO,88
0x0fe9acdb3675a8a2942fafbd4af61bc37e44c0ec,148,16.0310,37.74523,105,103,30-05-15 18:11:00,SALERNO,88
0x0fe9acdb3675a8a2942fafbd4af61bc37e44c0ec,147,16.0470,37.74164,105,103,30-05-15 18:14:00,SALERNO,88
0x0fe9acdb3675a8a2942fafbd4af61bc37e44c0ec,146,16.0603,37.73866,106,103,30-05-15 18:17:00,SALERNO,88
0x0fe9acdb3675a8a2942fafbd4af61bc37e44c0ec,146,16.0761,37.73511,106,104,30-05-15 18:20:00,SALERNO,88
0x0fe9acdb3675a8a2942fafbd4af61bc37e44c0ec,145,16.0908,37.73172,106,103,30-05-15 18:23:00,SALERNO,88
0x0fe9acdb3675a8a2942fafbd4af61bc37e44c0ec,145,16.1055,37.72847,105,103,30-05-15 18:26:00,SALERNO,88
0x0fe9acdb3675a8a2942fafbd4af61bc37e44c0ec,145,16.1202,37.72523,105,104,30-05-15 18:29:00,SALERNO,88
0x0fe9acdb3675a8a2942fafbd4af61bc37e44c0ec,145,16.1354,37.72189,105,104,30-05-15 18:32:00,SALERNO,88
0x0fe9acdb3675a8a2942fafbd4af61bc37e44c0ec,145,16.1501,37.71873,105,104,30-05-15 18:35:00,SALERNO,88
0x0fe9acdb3675a8a2942fafbd4af61bc37e44c0ec,145,16.1650,37.71557,105,104,30-05-15 18:38:00,SALERNO,88
0x0fe9acdb3675a8a2942fafbd4af61bc37e44c0ec,144,16.1800,37.71215,104,103,30-05-15 18:41:00,SALERNO,88
0x0fe9acdb3675a8a2942fafbd4af61bc37e44c0ec,144,16.1907,37.70987,105,104,30-05-15 18:44:00,SALERNO,88
0x0fe9acdb3675a8a2942fafbd4af61bc37e44c0ec,145,16.2015,37.7076,104,103,30-05-15 18:46:00,SALERNO,88
0x0fe9acdb3675a8a2942fafbd4af61bc37e44c0ec,145,16.2138,37.70499,105,104,30-05-15 18:48:00,SALERNO,88
0x0fe9acdb3675a8a2942fafbd4af61bc37e44c0ec,146,16.2276,37.70209,104,104,30-05-15 18:51:00,SALERNO,88
0x0fe9acdb3675a8a2942fafbd4af61bc37e44c0ec,146,16.2410,37.69935,104,104,30-05-15 18:54:00,SALERNO,88
0x0fe9acdb3675a8a2942fafbd4af61bc37e44c0ec,147,16.2575,37.69593,104,104,30-05-15 18:57:00,SALERNO,88
0x0fe9acdb3675a8a2942fafbd4af61bc37e44c0ec,146,16.2736,37.69257,104,103,30-05-15 19:00:00,SALERNO,88
0x0fe9acdb3675a8a2942fafbd4af61bc37e44c0ec,146,16.2870,37.68982,104,104,30-05-15 19:03:00,SALERNO,88
0x0fe9acdb3675a8a2942fafbd4af61bc37e44c0ec,146,16.3028,37.6866,104,103,30-05-15 19:06:00,SALERNO,88
0x0fe9acdb3675a8a2942fafbd4af61bc37e44c0ec,147,16.3253,37.68202,106,106,30-05-15 19:11:00,SALERNO,88
0x0fe9acdb3675a8a2942fafbd4af61bc37e44c0ec,147,16.3372,37.67937,105,105,30-05-15 19:13:00,SALERNO,88
0x0fe9acdb3675a8a2942fafbd4af61bc37e44c0ec,147,16.3522,37.67612,105,106,30-05-15 19:16:00,SALERNO,88
0x0fe9acdb3675a8a2942fafbd4af61bc37e44c0ec,148,16.3672,37.67287,104,106,30-05-15 19:19:00,SALERNO,88
0x0fe9acdb3675a8a2942fafbd4af61bc37e44c0ec,148,16.3872,37.66857,106,106,30-05-15 19:23:00,SALERNO,88
0x0fe9acdb3675a8a2942fafbd4af61bc37e44c0ec,148,16.4058,37.66431,105,106,30-05-15 19:27:00,SALERNO,88
0x0fe9acdb3675a8a2942fafbd4af61bc37e44c0ec,149,16.4223,37.66055,106,106,30-05-15 19:30:00,SALERNO,88
0x0fe9acdb3675a8a2942fafbd4af61bc37e44c0ec,149,16.4359,37.65735,106,106,30-05-15 19:33:00,SALERNO,88
0x0fe9acdb3675a8a2942fafbd4af61bc37e44c0ec,148,16.4688,37.64971,106,106,30-05-15 19:39:00,SALERNO,88
0x0fe9acdb3675a8a2942fafbd4af61bc37e44c0ec,148,16.4887,37.64493,107,106,30-05-15 19:43:00,SALERNO,88
0x0fe9acdb3675a8a2942fafbd4af61bc37e44c0ec,148,16.5038,37.64145,105,105,30-05-15 19:46:00,SALERNO,88
0x0fe9acdb3675a8a2942fafbd4af61bc37e44c0ec,147,16.5611,37.62895,105,105,30-05-15 19:58:00,SALERNO,88
0x0fe9acdb3675a8a2942fafbd4af61bc37e44c0ec,146,16.6491,37.60916,106,105,30-05-15 20:16:00,SALERNO,88
0x0fe9acdb3675a8a2942fafbd4af61bc37e44c0ec,145,16.7939,37.57904,105,106,30-05-15 20:45:00,SALERNO,88
0x0fe9acdb3675a8a2942fafbd4af61bc37e44c0ec,144,16.8036,37.57686,105,106,30-05-15 20:47:00,SALERNO,88
0x0fe9acdb3675a8a2942fafbd4af61bc37e44c0ec,146,17.2877,37.46773,105,104,30-05-15 22:27:00,SALERNO,88
0x0fe9acdb3675a8a2942fafbd4af61bc37e44c0ec,146,17.2985,37.46533,105,104,30-05-15 22:29:00,SALERNO,88
0x0fe9acdb3675a8a2942fafbd4af61bc37e44c0ec,146,17.3085,37.46318,105,104,30-05-15 22:31:00,SALERNO,88
0x0fe9acdb3675a8a2942fafbd4af61bc37e44c0ec,147,17.3183,37.46106,104,103,30-05-15 22:33:00,SALERNO,88
0x0fe9acdb3675a8a2942fafbd4af61bc37e44c0ec,147,17.3283,37.45895,105,104,30-05-15 22:35:00,SALERNO,88
0x0fe9acdb3675a8a2942fafbd4af61bc37e44c0ec,146,17.3387,37.45671,105,104,30-05-15 22:37:00,SALERNO,88
0x0fe9acdb3675a8a2942fafbd4af61bc37e44c0ec,146,17.3485,37.45457,105,104,30-05-15 22:39:00,SALERNO,88
0x0fe9acdb3675a8a2942fafbd4af61bc37e44c0ec,148,17.4069,37.44202,104,104,30-05-15 22:51:00,SALERNO,88
0x0fe9acdb3675a8a2942fafbd4af61bc37e44c0ec,149,17.4170,37.43987,104,103,30-05-15 22:53:00,SALERNO,88
0x0fe9acdb3675a8a2942fafbd4af61bc37e44c0ec,15,17.4286,37.43736,104,104,30-05-15 22:55:00,SALERNO,88
0x0fe9acdb3675a8a2942fafbd4af61bc37e44c0ec,15,17.4388,37.43528,104,103,30-05-15 22:57:00,SALERNO,88
0x0fe9acdb3675a8a2942fafbd4af61bc37e44c0ec,15,17.4489,37.43315,104,104,30-05-15 22:59:00,SALERNO,88
0x0fe9acdb3675a8a2942fafbd4af61bc37e44c0ec,15,17.4595,37.43093,104,104,30-05-15 23:01:00,SALERNO,88
0x0fe9acdb3675a8a2942fafbd4af61bc37e44c0ec,149,17.4716,37.42841,104,103,30-05-15 23:03:00,SALERNO,88
0x0fe9acdb3675a8a2942fafbd4af61bc37e44c0ec,148,17.4827,37.42617,106,107,30-05-15 23:06:00,SALERNO,88
0x0fe9acdb3675a8a2942fafbd4af61bc37e44c0ec,149,17.4971,37.42257,107,107,30-05-15 23:08:00,SALERNO,88
0x0fe9acdb3675a8a2942fafbd4af61bc37e44c0ec,15,17.5156,37.41799,107,106,30-05-15 23:12:00,SALERNO,88
0x0fe9acdb3675a8a2942fafbd4af61bc37e44c0ec,15,17.5306,37.41427,107,107,30-05-15 23:15:00,SALERNO,88
0x0fe9acdb3675a8a2942fafbd4af61bc37e44c0ec,15,17.5456,37.41057,107,107,30-05-15 23:18:00,SALERNO,88
0x0fe9acdb3675a8a2942fafbd4af61bc37e44c0ec,151,17.5627,37.40629,107,107,30-05-15 23:22:00,SALERNO,88
0x0fe9acdb3675a8a2942fafbd4af61bc37e44c0ec,15,17.5747,37.40324,107,106,30-05-15 23:24:00,SALERNO,88
0x0fe9acdb3675a8a2942fafbd4af61bc37e44c0ec,149,17.5846,37.40062,108,107,30-05-15 23:26:00,SALERNO,88
0x0fe9acdb3675a8a2942fafbd4af61bc37e44c0ec,149,17.5945,37.39801,107,106,30-05-15 23:28:00,SALERNO,88
0x0fe9acdb3675a8a2942fafbd4af61bc37e44c0ec,148,17.6079,37.39466,106,105,30-05-15 23:31:00,SALERNO,88
0x0fe9acdb3675a8a2942fafbd4af61bc37e44c0ec,15,17.6263,37.39021,107,106,30-05-15 23:34:00,SALERNO,88
0x0fe9acdb3675a8a2942fafbd4af61bc37e44c0ec,149,17.6755,37.37937,105,103,30-05-15 23:44:00,SALERNO,88
0x0fe9acdb3675a8a2942fafbd4af61bc37e44c0ec,151,17.7322,37.36732,104,104,30-05-15 23:55:00,SALERNO,88
0x0fe9acdb3675a8a2942fafbd4af61bc37e44c0ec,15,17.7475,37.36418,104,104,30-05-15 23:58:00,SALERNO,88
0x0fe9acdb3675a8a2942fafbd4af61bc37e44c0ec,148,17.8725,37.33843,105,105,31-05-15 00:23:00,SALERNO,88
0x0fe9acdb3675a8a2942fafbd4af61bc37e44c0ec,148,17.8859,37.33545,105,106,31-05-15 00:26:00,SALERNO,88
0x0fe9acdb3675a8a2942fafbd4af61bc37e44c0ec,147,17.8973,37.33287,105,105,31-05-15 00:28:00,SALERNO,88
0x0fe9acdb3675a8a2942fafbd4af61bc37e44c0ec,147,17.9122,37.32964,105,105,31-05-15 00:31:00,SALERNO,88
0x0fe9acdb3675a8a2942fafbd4af61bc37e44c0ec,148,17.9283,37.32611,106,107,31-05-15 00:34:00,SALERNO,88
0x0fe9acdb3675a8a2942fafbd4af61bc37e44c0ec,148,17.9435,37.3224,106,106,31-05-15 00:37:00,SALERNO,88
0x0fe9acdb3675a8a2942fafbd4af61bc37e44c0ec,148,17.9545,37.3199,106,107,31-05-15 00:40:00,SALERNO,88
0x0fe9acdb3675a8a2942fafbd4af61bc37e44c0ec,148,17.9644,37.31757,106,107,31-05-15 00:42:00,SALERNO,88
0x0fe9acdb3675a8a2942fafbd4af61bc37e44c0ec,147,17.9762,37.31476,106,106,31-05-15 00:44:00,SALERNO,88
0x0fe9acdb3675a8a2942fafbd4af61bc37e44c0ec,147,17.9916,37.31153,104,104,31-05-15 00:47:00,SALERNO,88
0x0fe9acdb3675a8a2942fafbd4af61bc37e44c0ec,147,18.0050,37.30869,104,105,31-05-15 00:50:00,SALERNO,88
0x0fe9acdb3675a8a2942fafbd4af61bc37e44c0ec,147,18.0159,37.30643,104,105,31-05-15 00:52:00,SALERNO,88
0x0fe9acdb3675a8a2942fafbd4af61bc37e44c0ec,147,18.0318,37.30311,105,106,31-05-15 00:55:00,SALERNO,88
0x0fe9acdb3675a8a2942fafbd4af61bc37e44c0ec,146,18.0466,37.29974,105,106,31-05-15 00:58:00,SALERNO,88
0x0fe9acdb3675a8a2942fafbd4af61bc37e44c0ec,146,18.0623,37.29618,105,106,31-05-15 01:01:00,SALERNO,88
0x0fe9acdb3675a8a2942fafbd4af61bc37e44c0ec,146,18.0770,37.29289,105,106,31-05-15 01:04:00,SALERNO,88
0x0fe9acdb3675a8a2942fafbd4af61bc37e44c0ec,146,18.0874,37.29057,105,106,31-05-15 01:07:00,SALERNO,88
0x0fe9acdb3675a8a2942fafbd4af61bc37e44c0ec,147,18.0977,37.28827,106,106,31-05-15 01:09:00,SALERNO,88
0x0fe9acdb3675a8a2942fafbd4af61bc37e44c0ec,147,18.1107,37.28525,106,106,31-05-15 01:11:00,SALERNO,88
0x0fe9acdb3675a8a2942fafbd4af61bc37e44c0ec,148,18.1294,37.28087,106,106,31-05-15 01:15:00,SALERNO,88
0x0fe9acdb3675a8a2942fafbd4af61bc37e44c0ec,148,18.1444,37.27736,106,105,31-05-15 01:18:00,SALERNO,88
0x0fe9acdb3675a8a2942fafbd4af61bc37e44c0ec,147,18.1591,37.27383,106,105,31-05-15 01:21:00,SALERNO,88
0x0fe9acdb3675a8a2942fafbd4af61bc37e44c0ec,148,18.1759,37.26984,106,106,31-05-15 01:24:00,SALERNO,88
0x0fe9acdb3675a8a2942fafbd4af61bc37e44c0ec,148,18.1868,37.26725,106,105,31-05-15 01:27:00,SALERNO,88
0x0fe9acdb3675a8a2942fafbd4af61bc37e44c0ec,148,18.1967,37.26493,107,106,31-05-15 01:29:00,SALERNO,88
0x0fe9acdb3675a8a2942fafbd4af61bc37e44c0ec,147,18.2071,37.26241,106,106,31-05-15 01:31:00,SALERNO,88
0x0fe9acdb3675a8a2942fafbd4af61bc37e44c0ec,147,18.2224,37.25876,106,106,31-05-15 01:34:00,SALERNO,88
0x0fe9acdb3675a8a2942fafbd4af61bc37e44c0ec,147,18.2322,37.25642,106,106,31-05-15 01:36:00,SALERNO,88
0x0fe9acdb3675a8a2942fafbd4af61bc37e44c0ec,147,18.2465,37.25305,106,106,31-05-15 01:39:00,SALERNO,88
0x0fe9acdb3675a8a2942fafbd4af61bc37e44c0ec,147,18.2819,37.24457,106,106,31-05-15 01:46:00,SALERNO,88
0x0fe9acdb3675a8a2942fafbd4af61bc37e44c0ec,148,18.3314,37.23259,107,106,31-05-15 01:56:00,SALERNO,88
0x0fe9acdb3675a8a2942fafbd4af61bc37e44c0ec,149,18.3418,37.23006,107,106,31-05-15 01:58:00,SALERNO,88
0x0fe9acdb3675a8a2942fafbd4af61bc37e44c0ec,148,18.3775,37.22153,104,103,31-05-15 02:05:00,SALERNO,88
0x0fe9acdb3675a8a2942fafbd4af61bc37e44c0ec,149,18.3936,37.21814,105,104,31-05-15 02:08:00,SALERNO,88
0x0fe9acdb3675a8a2942fafbd4af61bc37e44c0ec,149,18.4047,37.21575,104,103,31-05-15 02:11:00,SALERNO,88
0x0fe9acdb3675a8a2942fafbd4af61bc37e44c0ec,148,18.5183,37.19008,105,104,31-05-15 02:33:00,SALERNO,88
0x0fe9acdb3675a8a2942fafbd4af61bc37e44c0ec,148,18.5323,37.18702,105,104,31-05-15 02:36:00,SALERNO,88
0x0fe9acdb3675a8a2942fafbd4af61bc37e44c0ec,147,18.7520,37.13845,106,104,31-05-15 03:21:00,SALERNO,88
0x0fe9acdb3675a8a2942fafbd4af61bc37e44c0ec,147,18.7688,37.13466,105,105,31-05-15 03:24:00,SALERNO,88
0x0fe9acdb3675a8a2942fafbd4af61bc37e44c0ec,146,18.8689,37.1122,105,104,31-05-15 03:44:00,SALERNO,88
0x0fe9acdb3675a8a2942fafbd4af61bc37e44c0ec,147,19.1636,37.04438,106,105,31-05-15 04:44:00,SALERNO,88
0x0fe9acdb3675a8a2942fafbd4af61bc37e44c0ec,146,19.2443,37.02625,105,104,31-05-15 05:00:00,SALERNO,88
0x0fe9acdb3675a8a2942fafbd4af61bc37e44c0ec,146,19.3900,36.99407,105,104,31-05-15 05:30:00,SALERNO,88
0x0fe9acdb3675a8a2942fafbd4af61bc37e44c0ec,146,19.4116,36.98945,103,102,31-05-15 05:34:00,SALERNO,88
0x0fe9acdb3675a8a2942fafbd4af61bc37e44c0ec,146,19.4284,36.98623,103,103,31-05-15 05:38:00,SALERNO,88
0x0fe9acdb3675a8a2942fafbd4af61bc37e44c0ec,146,19.4382,36.98438,103,102,31-05-15 05:40:00,SALERNO,88
0x0fe9acdb3675a8a2942fafbd4af61bc37e44c0ec,145,19.4652,36.9792,103,103,31-05-15 05:45:00,SALERNO,88
0x0fe9acdb3675a8a2942fafbd4af61bc37e44c0ec,145,19.4870,36.97505,103,103,31-05-15 05:50:00,SALERNO,88
0x0fe9acdb3675a8a2942fafbd4af61bc37e44c0ec,145,19.5007,36.97232,104,103,31-05-15 05:52:00,SALERNO,88
0x0fe9acdb3675a8a2942fafbd4af61bc37e44c0ec,145,19.5271,36.96704,104,104,31-05-15 05:58:00,SALERNO,88
0x0fe9acdb3675a8a2942fafbd4af61bc37e44c0ec,145,19.6750,36.93674,104,104,31-05-15 06:28:00,SALERNO,88
0x0fe9acdb3675a8a2942fafbd4af61bc37e44c0ec,144,19.7351,36.92308,105,106,31-05-15 06:40:00,SALERNO,88
0x0fe9acdb3675a8a2942fafbd4af61bc37e44c0ec,144,19.7775,36.91333,106,106,31-05-15 06:49:00,SALERNO,88
0x0fe9acdb3675a8a2942fafbd4af61bc37e44c0ec,143,19.8221,36.90308,106,107,31-05-15 06:58:00,SALERNO,88
0x0fe9acdb3675a8a2942fafbd4af61bc37e44c0ec,144,19.8431,36.89816,105,106,31-05-15 07:03:00,SALERNO,88
0x0fe9acdb3675a8a2942fafbd4af61bc37e44c0ec,144,19.8576,36.89488,105,106,31-05-15 07:06:00,SALERNO,88
0x0fe9acdb3675a8a2942fafbd4af61bc37e44c0ec,144,19.8672,36.89268,106,106,31-05-15 07:08:00,SALERNO,88
0x0fe9acdb3675a8a2942fafbd4af61bc37e44c0ec,144,19.8806,36.88953,105,106,31-05-15 07:11:00,SALERNO,88
0x0fe9acdb3675a8a2942fafbd4af61bc37e44c0ec,145,19.8903,36.88733,106,107,31-05-15 07:13:00,SALERNO,88
0x0fe9acdb3675a8a2942fafbd4af61bc37e44c0ec,145,19.8998,36.88509,106,107,31-05-15 07:15:00,SALERNO,88
0x0fe9acdb3675a8a2942fafbd4af61bc37e44c0ec,144,19.9100,36.88273,105,107,31-05-15 07:17:00,SALERNO,88
0x0fe9acdb3675a8a2942fafbd4af61bc37e44c0ec,144,19.9196,36.8805,105,107,31-05-15 07:19:00,SALERNO,88
0x0fe9acdb3675a8a2942fafbd4af61bc37e44c0ec,143,19.9292,36.8783,105,107,31-05-15 07:21:00,SALERNO,88
0x0fe9acdb3675a8a2942fafbd4af61bc37e44c0ec,143,19.9387,36.87613,105,107,31-05-15 07:23:00,SALERNO,88
0x0fe9acdb3675a8a2942fafbd4af61bc37e44c0ec,143,19.9482,36.87397,105,107,31-05-15 07:25:00,SALERNO,88
0x0fe9acdb3675a8a2942fafbd4af61bc37e44c0ec,143,19.9582,36.8716,106,107,31-05-15 07:27:00,SALERNO,88
0x0fe9acdb3675a8a2942fafbd4af61bc37e44c0ec,143,19.9688,36.86916,105,106,31-05-15 07:29:00,SALERNO,88
0x0fe9acdb3675a8a2942fafbd4af61bc37e44c0ec,143,19.9830,36.86581,106,107,31-05-15 07:32:00,SALERNO,88
0x0fe9acdb3675a8a2942fafbd4af61bc37e44c0ec,143,20.0002,36.86176,106,106,31-05-15 07:36:00,SALERNO,88
0x0fe9acdb3675a8a2942fafbd4af61bc37e44c0ec,143,20.0125,36.85886,106,107,31-05-15 07:38:00,SALERNO,88
0x0fe9acdb3675a8a2942fafbd4af61bc37e44c0ec,143,20.0268,36.85555,106,107,31-05-15 07:41:00,SALERNO,88
0x0fe9acdb3675a8a2942fafbd4af61bc37e44c0ec,143,20.0410,36.85226,106,107,31-05-15 07:44:00,SALERNO,88
0x0fe9acdb3675a8a2942fafbd4af61bc37e44c0ec,143,20.0564,36.84869,106,107,31-05-15 07:47:00,SALERNO,88
0x0fe9acdb3675a8a2942fafbd4af61bc37e44c0ec,143,20.0672,36.84619,106,107,31-05-15 07:50:00,SALERNO,88
0x0fe9acdb3675a8a2942fafbd4af61bc37e44c0ec,142,20.0767,36.84408,106,107,31-05-15 07:52:00,SALERNO,88
0x0fe9acdb3675a8a2942fafbd4af61bc37e44c0ec,143,20.0861,36.84189,106,107,31-05-15 07:54:00,SALERNO,88
0x0fe9acdb3675a8a2942fafbd4af61bc37e44c0ec,143,20.0956,36.83964,106,106,31-05-15 07:56:00,SALERNO,88
0x0fe9acdb3675a8a2942fafbd4af61bc37e44c0ec,143,20.1052,36.83748,105,106,31-05-15 07:58:00,SALERNO,88
0x0fe9acdb3675a8a2942fafbd4af61bc37e44c0ec,143,20.1148,36.83531,106,107,31-05-15 08:00:00,SALERNO,88
0x0fe9acdb3675a8a2942fafbd4af61bc37e44c0ec,143,20.1265,36.83258,104,104,31-05-15 08:02:00,SALERNO,88
0x0fe9acdb3675a8a2942fafbd4af61bc37e44c0ec,143,20.1410,36.82966,104,104,31-05-15 08:05:00,SALERNO,88
0x0fe9acdb3675a8a2942fafbd4af61bc37e44c0ec,143,20.1560,36.82655,104,104,31-05-15 08:08:00,SALERNO,88
0x0fe9acdb3675a8a2942fafbd4af61bc37e44c0ec,144,20.1704,36.82348,104,105,31-05-15 08:11:00,SALERNO,88
0x0fe9acdb3675a8a2942fafbd4af61bc37e44c0ec,145,20.1854,36.82024,104,105,31-05-15 08:14:00,SALERNO,88
0x0fe9acdb3675a8a2942fafbd4af61bc37e44c0ec,145,20.2004,36.81704,105,105,31-05-15 08:17:00,SALERNO,88
0x0fe9acdb3675a8a2942fafbd4af61bc37e44c0ec,145,20.2101,36.81495,105,105,31-05-15 08:20:00,SALERNO,88
0x0fe9acdb3675a8a2942fafbd4af61bc37e44c0ec,145,20.2203,36.81267,105,104,31-05-15 08:22:00,SALERNO,88
0x0fe9acdb3675a8a2942fafbd4af61bc37e44c0ec,145,20.2299,36.81058,105,105,31-05-15 08:24:00,SALERNO,88
0x0fe9acdb3675a8a2942fafbd4af61bc37e44c0ec,145,20.2397,36.80844,105,105,31-05-15 08:26:00,SALERNO,88
0x0fe9acdb3675a8a2942fafbd4af61bc37e44c0ec,144,20.2498,36.80622,105,105,31-05-15 08:28:00,SALERNO,88
0x0fe9acdb3675a8a2942fafbd4af61bc37e44c0ec,144,20.2633,36.80324,105,104,31-05-15 08:31:00,SALERNO,88
0x0fe9acdb3675a8a2942fafbd4af61bc37e44c0ec,144,20.2730,36.80116,105,104,31-05-15 08:33:00,SALERNO,88
0x0fe9acdb3675a8a2942fafbd4af61bc37e44c0ec,144,20.2831,36.79896,104,104,31-05-15 08:35:00,SALERNO,88
0x0fe9acdb3675a8a2942fafbd4af61bc37e44c0ec,144,20.2933,36.79682,104,105,31-05-15 08:37:00,SALERNO,88
0x0fe9acdb3675a8a2942fafbd4af61bc37e44c0ec,145,20.3033,36.79469,105,105,31-05-15 08:39:00,SALERNO,88
0x0fe9acdb3675a8a2942fafbd4af61bc37e44c0ec,145,20.3130,36.79262,104,104,31-05-15 08:41:00,SALERNO,88
0x0fe9acdb3675a8a2942fafbd4af61bc37e44c0ec,145,20.3231,36.79037,104,104,31-05-15 08:43:00,SALERNO,88
0x0fe9acdb3675a8a2942fafbd4af61bc37e44c0ec,145,20.3329,36.78828,105,105,31-05-15 08:45:00,SALERNO,88
0x0fe9acdb3675a8a2942fafbd4af61bc37e44c0ec,145,20.3428,36.78615,104,104,31-05-15 08:47:00,SALERNO,88
0x0fe9acdb3675a8a2942fafbd4af61bc37e44c0ec,145,20.3685,36.78079,104,105,31-05-15 08:52:00,SALERNO,88
0x0fe9acdb3675a8a2942fafbd4af61bc37e44c0ec,145,20.3888,36.7764,105,105,31-05-15 08:56:00,SALERNO,88
0x0fe9acdb3675a8a2942fafbd4af61bc37e44c0ec,145,20.4043,36.77293,105,105,31-05-15 09:00:00,SALERNO,88
0x0fe9acdb3675a8a2942fafbd4af61bc37e44c0ec,146,20.4150,36.77051,105,106,31-05-15 09:02:00,SALERNO,88
0x0fe9acdb3675a8a2942fafbd4af61bc37e44c0ec,145,20.4252,36.76824,105,106,31-05-15 09:04:00,SALERNO,88
0x0fe9acdb3675a8a2942fafbd4af61bc37e44c0ec,146,20.4451,36.76363,106,105,31-05-15 09:08:00,SALERNO,88
0x0fe9acdb3675a8a2942fafbd4af61bc37e44c0ec,144,20.4692,36.75809,106,105,31-05-15 09:13:00,SALERNO,88
0x0fe9acdb3675a8a2942fafbd4af61bc37e44c0ec,144,20.4836,36.75478,106,106,31-05-15 09:16:00,SALERNO,88
0x0fe9acdb3675a8a2942fafbd4af61bc37e44c0ec,144,20.4994,36.75083,107,106,31-05-15 09:19:00,SALERNO,88
0x0fe9acdb3675a8a2942fafbd4af61bc37e44c0ec,144,20.5108,36.74809,107,106,31-05-15 09:22:00,SALERNO,88
0x0fe9acdb3675a8a2942fafbd4af61bc37e44c0ec,143,20.5250,36.74438,107,105,31-05-15 09:25:00,SALERNO,88
0x0fe9acdb3675a8a2942fafbd4af61bc37e44c0ec,144,20.5354,36.74179,107,105,31-05-15 09:27:00,SALERNO,88
0x0fe9acdb3675a8a2942fafbd4af61bc37e44c0ec,142,20.5784,36.73092,107,106,31-05-15 09:36:00,SALERNO,88
0x0fe9acdb3675a8a2942fafbd4af61bc37e44c0ec,142,20.5925,36.72729,107,105,31-05-15 09:39:00,SALERNO,88
0x0fe9acdb3675a8a2942fafbd4af61bc37e44c0ec,143,20.6433,36.71435,107,106,31-05-15 09:50:00,SALERNO,88
0x0fe9acdb3675a8a2942fafbd4af61bc37e44c0ec,143,20.6595,36.71073,104,103,31-05-15 09:53:00,SALERNO,88
0x0fe9acdb3675a8a2942fafbd4af61bc37e44c0ec,145,20.6769,36.70722,104,103,31-05-15 09:57:00,SALERNO,88
0x0fe9acdb3675a8a2942fafbd4af61bc37e44c0ec,145,20.6880,36.70499,103,102,31-05-15 09:59:00,SALERNO,88
0x0fe9acdb3675a8a2942fafbd4af61bc37e44c0ec,146,20.7194,36.6988,103,103,31-05-15 10:06:00,SALERNO,88
0x0fe9acdb3675a8a2942fafbd4af61bc37e44c0ec,146,20.7301,36.69667,103,103,31-05-15 10:08:00,SALERNO,88
0x0fe9acdb3675a8a2942fafbd4af61bc37e44c0ec,146,20.7493,36.69298,103,103,31-05-15 10:12:00,SALERNO,88
0x0fe9acdb3675a8a2942fafbd4af61bc37e44c0ec,146,20.7596,36.69099,103,102,31-05-15 10:14:00,SALERNO,88
0x0fe9acdb3675a8a2942fafbd4af61bc37e44c0ec,147,20.7695,36.68911,103,103,31-05-15 10:16:00,SALERNO,88
0x0fe9acdb3675a8a2942fafbd4af61bc37e44c0ec,147,20.7793,36.68732,103,103,31-05-15 10:18:00,SALERNO,88
0x0fe9acdb3675a8a2942fafbd4af61bc37e44c0ec,147,20.7894,36.68534,103,102,31-05-15 10:20:00,SALERNO,88
0x0fe9acdb3675a8a2942fafbd4af61bc37e44c0ec,147,20.7990,36.68386,103,102,31-05-15 10:22:00,SALERNO,88
0x0fe9acdb3675a8a2942fafbd4af61bc37e44c0ec,147,20.8097,36.68152,103,104,31-05-15 10:24:00,SALERNO,88
0x0fe9acdb3675a8a2942fafbd4af61bc37e44c0ec,146,20.8193,36.67945,104,104,31-05-15 10:26:00,SALERNO,88
0x0fe9acdb3675a8a2942fafbd4af61bc37e44c0ec,146,20.8292,36.67728,105,105,31-05-15 10:28:00,SALERNO,88
0x0fe9acdb3675a8a2942fafbd4af61bc37e44c0ec,147,20.8395,36.67503,104,104,31-05-15 10:30:00,SALERNO,88
0x0fe9acdb3675a8a2942fafbd4af61bc37e44c0ec,147,20.8493,36.67289,104,104,31-05-15 10:32:00,SALERNO,88
0x0fe9acdb3675a8a2942fafbd4af61bc37e44c0ec,147,20.8592,36.6708,105,104,31-05-15 10:34:00,SALERNO,88
0x0fe9acdb3675a8a2942fafbd4af61bc37e44c0ec,148,20.8694,36.66857,104,104,31-05-15 10:36:00,SALERNO,88
0x0fe9acdb3675a8a2942fafbd4af61bc37e44c0ec,148,20.8848,36.66531,104,104,31-05-15 10:39:00,SALERNO,88
0x0fe9acdb3675a8a2942fafbd4af61bc37e44c0ec,148,20.9006,36.66199,104,105,31-05-15 10:42:00,SALERNO,88
0x0fe9acdb3675a8a2942fafbd4af61bc37e44c0ec,148,20.9159,36.65882,104,105,31-05-15 10:45:00,SALERNO,88
0x0fe9acdb3675a8a2942fafbd4af61bc37e44c0ec,147,20.9402,36.65386,103,104,31-05-15 10:50:00,SALERNO,88
0x0fe9acdb3675a8a2942fafbd4af61bc37e44c0ec,148,20.9556,36.65088,103,105,31-05-15 10:53:00,SALERNO,88
0x0fe9acdb3675a8a2942fafbd4af61bc37e44c0ec,15,20.9706,36.6479,103,105,31-05-15 10:56:00,SALERNO,88
0x0fe9acdb3675a8a2942fafbd4af61bc37e44c0ec,15,20.9868,36.64474,103,104,31-05-15 11:00:00,SALERNO,88
0x0fe9acdb3675a8a2942fafbd4af61bc37e44c0ec,151,21.0019,36.6418,103,105,31-05-15 11:03:00,SALERNO,88
0x0fe9acdb3675a8a2942fafbd4af61bc37e44c0ec,15,21.0120,36.6397,102,102,31-05-15 11:05:00,SALERNO,88
0x0fe9acdb3675a8a2942fafbd4af61bc37e44c0ec,15,21.0222,36.63811,101,102,31-05-15 11:07:00,SALERNO,88
0x0fe9acdb3675a8a2942fafbd4af61bc37e44c0ec,151,21.0355,36.63599,101,102,31-05-15 11:09:00,SALERNO,88
0x0fe9acdb3675a8a2942fafbd4af61bc37e44c0ec,151,21.0513,36.63344,101,102,31-05-15 11:12:00,SALERNO,88
0x0fe9acdb3675a8a2942fafbd4af61bc37e44c0ec,151,21.0636,36.63138,101,102,31-05-15 11:15:00,SALERNO,88
0x0fe9acdb3675a8a2942fafbd4af61bc37e44c0ec,151,21.0982,36.62374,107,108,31-05-15 11:22:00,SALERNO,88
0x0fe9acdb3675a8a2942fafbd4af61bc37e44c0ec,15,21.1120,36.62016,107,108,31-05-15 11:24:00,SALERNO,88
0x0fe9acdb3675a8a2942fafbd4af61bc37e44c0ec,15,21.1230,36.61736,107,108,31-05-15 11:27:00,SALERNO,88
0x0fe9acdb3675a8a2942fafbd4af61bc37e44c0ec,15,21.1386,36.61303,109,109,31-05-15 11:30:00,SALERNO,88
0x0fe9acdb3675a8a2942fafbd4af61bc37e44c0ec,15,21.1641,36.60581,109,110,31-05-15 11:35:00,SALERNO,88
0x0fe9acdb3675a8a2942fafbd4af61bc37e44c0ec,15,21.1894,36.59856,109,109,31-05-15 11:40:00,SALERNO,88
0x0fe9acdb3675a8a2942fafbd4af61bc37e44c0ec,152,21.4170,36.54631,104,106,31-05-15 12:26:00,SALERNO,88
0x0fe9acdb3675a8a2942fafbd4af61bc37e44c0ec,64,21.5672,36.4864,119,106,31-05-15 13:56:00,SALERNO,88
0x0fe9acdb3675a8a2942fafbd4af61bc37e44c0ec,91,21.5837,36.48414,102,103,31-05-15 14:02:00,SALERNO,88
0x0fe9acdb3675a8a2942fafbd4af61bc37e44c0ec,94,21.6014,36.48071,103,104,31-05-15 14:08:00,SALERNO,88
0x0fe9acdb3675a8a2942fafbd4af61bc37e44c0ec,95,21.6243,36.47641,101,102,31-05-15 14:15:00,SALERNO,88
0x0fe9acdb3675a8a2942fafbd4af61bc37e44c0ec,112,21.6382,36.47383,102,103,31-05-15 14:19:00,SALERNO,88
0x0fe9acdb3675a8a2942fafbd4af61bc37e44c0ec,116,21.6491,36.47183,103,102,31-05-15 14:22:00,SALERNO,88
0x0fe9acdb3675a8a2942fafbd4af61bc37e44c0ec,131,21.6598,36.46978,103,103,31-05-15 14:25:00,SALERNO,88
0x0fe9acdb3675a8a2942fafbd4af61bc37e44c0ec,151,21.6802,36.46579,103,103,31-05-15 14:29:00,SALERNO,88
0x0fe9acdb3675a8a2942fafbd4af61bc37e44c0ec,153,21.6903,36.46388,103,103,31-05-15 14:31:00,SALERNO,88
0x0fe9acdb3675a8a2942fafbd4af61bc37e44c0ec,153,21.6995,36.46201,103,102,31-05-15 14:33:00,SALERNO,88
0x0fe9acdb3675a8a2942fafbd4af61bc37e44c0ec,154,21.7115,36.45963,103,103,31-05-15 14:35:00,SALERNO,88
0x0fe9acdb3675a8a2942fafbd4af61bc37e44c0ec,154,21.7249,36.45687,104,103,31-05-15 14:38:00,SALERNO,88
0x0fe9acdb3675a8a2942fafbd4af61bc37e44c0ec,155,21.7435,36.45317,104,102,31-05-15 14:41:00,SALERNO,88
0x0fe9acdb3675a8a2942fafbd4af61bc37e44c0ec,156,21.8040,36.44046,104,103,31-05-15 14:53:00,SALERNO,88
0x0fe9acdb3675a8a2942fafbd4af61bc37e44c0ec,156,21.8981,36.42008,105,103,31-05-15 15:11:00,SALERNO,88
0x0fe9acdb3675a8a2942fafbd4af61bc37e44c0ec,156,21.9539,36.40734,106,103,31-05-15 15:22:00,SALERNO,88
0x0fe9acdb3675a8a2942fafbd4af61bc37e44c0ec,156,21.9699,36.40372,105,103,31-05-15 15:25:00,SALERNO,88
0x0fe9acdb3675a8a2942fafbd4af61bc37e44c0ec,156,21.9830,36.40075,105,103,31-05-15 15:27:00,SALERNO,88
0x0fe9acdb3675a8a2942fafbd4af61bc37e44c0ec,156,22.0006,36.39674,105,102,31-05-15 15:31:00,SALERNO,88
0x0fe9acdb3675a8a2942fafbd4af61bc37e44c0ec,156,22.0138,36.39377,105,103,31-05-15 15:33:00,SALERNO,88
0x0fe9acdb3675a8a2942fafbd4af61bc37e44c0ec,155,22.0278,36.39067,105,103,31-05-15 15:36:00,SALERNO,88
0x0fe9acdb3675a8a2942fafbd4af61bc37e44c0ec,156,22.0418,36.38748,106,103,31-05-15 15:39:00,SALERNO,88
0x0fe9acdb3675a8a2942fafbd4af61bc37e44c0ec,153,22.0509,36.38564,101,98,31-05-15 15:41:00,SALERNO,88
0x0fe9acdb3675a8a2942fafbd4af61bc37e44c0ec,154,22.0620,36.38369,102,99,31-05-15 15:43:00,SALERNO,88
0x0fe9acdb3675a8a2942fafbd4af61bc37e44c0ec,154,22.0744,36.38156,102,99,31-05-15 15:45:00,SALERNO,88
0x0fe9acdb3675a8a2942fafbd4af61bc37e44c0ec,148,22.6617,36.34435,69,69,31-05-15 17:41:00,SALERNO,88
0x0fe9acdb3675a8a2942fafbd4af61bc37e44c0ec,148,22.6760,36.34868,69,69,31-05-15 17:44:00,SALERNO,88
0x0fe9acdb3675a8a2942fafbd4af61bc37e44c0ec,15,22.6925,36.3536,71,71,31-05-15 17:48:00,SALERNO,88
0x0fe9acdb3675a8a2942fafbd4af61bc37e44c0ec,15,22.7060,36.35733,70,71,31-05-15 17:51:00,SALERNO,88
0x0fe9acdb3675a8a2942fafbd4af61bc37e44c0ec,15,22.7157,36.36,70,70,31-05-15 17:53:00,SALERNO,88
0x0fe9acdb3675a8a2942fafbd4af61bc37e44c0ec,149,22.7294,36.36389,70,70,31-05-15 17:55:00,SALERNO,88
0x0fe9acdb3675a8a2942fafbd4af61bc37e44c0ec,15,22.7422,36.3674,70,70,31-05-15 17:58:00,SALERNO,88
0x0fe9acdb3675a8a2942fafbd4af61bc37e44c0ec,151,22.7601,36.37241,70,71,31-05-15 18:02:00,SALERNO,88
0x0fe9acdb3675a8a2942fafbd4af61bc37e44c0ec,151,22.7704,36.3753,70,70,31-05-15 18:04:00,SALERNO,88
0x0fe9acdb3675a8a2942fafbd4af61bc37e44c0ec,151,22.7812,36.37836,70,71,31-05-15 18:06:00,SALERNO,88
0x0fe9acdb3675a8a2942fafbd4af61bc37e44c0ec,151,22.7965,36.38266,71,72,31-05-15 18:09:00,SALERNO,88
0x0fe9acdb3675a8a2942fafbd4af61bc37e44c0ec,151,22.8121,36.38708,71,73,31-05-15 18:12:00,SALERNO,88
0x0fe9acdb3675a8a2942fafbd4af61bc37e44c0ec,151,22.8237,36.39009,72,73,31-05-15 18:15:00,SALERNO,88
0x0fe9acdb3675a8a2942fafbd4af61bc37e44c0ec,151,22.8335,36.39277,71,73,31-05-15 18:17:00,SALERNO,88
0x0fe9acdb3675a8a2942fafbd4af61bc37e44c0ec,151,22.8434,36.39544,71,73,31-05-15 18:19:00,SALERNO,88
0x0fe9acdb3675a8a2942fafbd4af61bc37e44c0ec,151,22.8534,36.39811,71,72,31-05-15 18:21:00,SALERNO,88
0x0fe9acdb3675a8a2942fafbd4af61bc37e44c0ec,15,22.8636,36.40092,71,73,31-05-15 18:23:00,SALERNO,88
0x0fe9acdb3675a8a2942fafbd4af61bc37e44c0ec,148,22.8743,36.4038,71,72,31-05-15 18:25:00,SALERNO,88
0x0fe9acdb3675a8a2942fafbd4af61bc37e44c0ec,147,22.8848,36.40659,72,74,31-05-15 18:27:00,SALERNO,88
0x0fe9acdb3675a8a2942fafbd4af61bc37e44c0ec,147,22.8999,36.41036,73,74,31-05-15 18:30:00,SALERNO,88
0x0fe9acdb3675a8a2942fafbd4af61bc37e44c0ec,146,22.9145,36.41396,72,74,31-05-15 18:33:00,SALERNO,88
0x0fe9acdb3675a8a2942fafbd4af61bc37e44c0ec,145,22.9296,36.41785,72,74,31-05-15 18:36:00,SALERNO,88
0x0fe9acdb3675a8a2942fafbd4af61bc37e44c0ec,145,22.9398,36.42039,74,79,31-05-15 18:39:00,SALERNO,88
0x0fe9acdb3675a8a2942fafbd4af61bc37e44c0ec,145,22.9497,36.42159,86,92,31-05-15 18:41:00,SALERNO,88
0x0fe9acdb3675a8a2942fafbd4af61bc37e44c0ec,145,22.9600,36.42048,107,112,31-05-15 18:43:00,SALERNO,88
0x0fe9acdb3675a8a2942fafbd4af61bc37e44c0ec,145,22.9693,36.41739,112,112,31-05-15 18:45:00,SALERNO,88
0x0fe9acdb3675a8a2942fafbd4af61bc37e44c0ec,146,22.9786,36.41426,113,113,31-05-15 18:47:00,SALERNO,88
0x0fe9acdb3675a8a2942fafbd4af61bc37e44c0ec,146,22.9884,36.41078,114,114,31-05-15 18:49:00,SALERNO,88
0x0fe9acdb3675a8a2942fafbd4af61bc37e44c0ec,147,22.9976,36.4074,114,113,31-05-15 18:51:00,SALERNO,88
0x0fe9acdb3675a8a2942fafbd4af61bc37e44c0ec,147,23.0092,36.40339,112,111,31-05-15 18:53:00,SALERNO,88
0x0fe9acdb3675a8a2942fafbd4af61bc37e44c0ec,147,23.0233,36.39875,111,112,31-05-15 18:56:00,SALERNO,88
0x0fe9acdb3675a8a2942fafbd4af61bc37e44c0ec,148,23.0376,36.3941,112,112,31-05-15 18:59:00,SALERNO,88
0x0fe9acdb3675a8a2942fafbd4af61bc37e44c0ec,148,23.0518,36.38952,111,112,31-05-15 19:02:00,SALERNO,88
0x0fe9acdb3675a8a2942fafbd4af61bc37e44c0ec,148,23.0661,36.38519,110,112,31-05-15 19:05:00,SALERNO,88
0x0fe9acdb3675a8a2942fafbd4af61bc37e44c0ec,148,23.0805,36.38088,110,112,31-05-15 19:08:00,SALERNO,88
0x0fe9acdb3675a8a2942fafbd4af61bc37e44c0ec,147,23.0953,36.37655,111,113,31-05-15 19:11:00,SALERNO,88
0x0fe9acdb3675a8a2942fafbd4af61bc37e44c0ec,145,23.1100,36.37213,111,113,31-05-15 19:14:00,SALERNO,88
0x0fe9acdb3675a8a2942fafbd4af61bc37e44c0ec,144,23.1240,36.36781,111,113,31-05-15 19:17:00,SALERNO,88
0x0fe9acdb3675a8a2942fafbd4af61bc37e44c0ec,143,23.1385,36.36599,88,90,31-05-15 19:20:00,SALERNO,88
0x0fe9acdb3675a8a2942fafbd4af61bc37e44c0ec,146,23.1534,36.36631,88,90,31-05-15 19:23:00,SALERNO,88
0x0fe9acdb3675a8a2942fafbd4af61bc37e44c0ec,147,23.1641,36.36637,89,90,31-05-15 19:26:00,SALERNO,88
0x0fe9acdb3675a8a2942fafbd4af61bc37e44c0ec,148,23.1759,36.36641,90,90,31-05-15 19:28:00,SALERNO,88
0x0fe9acdb3675a8a2942fafbd4af61bc37e44c0ec,148,23.1880,36.36631,90,90,31-05-15 19:30:00,SALERNO,88
0x0fe9acdb3675a8a2942fafbd4af61bc37e44c0ec,148,23.2004,36.3662,91,90,31-05-15 19:33:00,SALERNO,88
0x0fe9acdb3675a8a2942fafbd4af61bc37e44c0ec,149,23.2111,36.36602,91,90,31-05-15 19:35:00,SALERNO,88
0x0fe9acdb3675a8a2942fafbd4af61bc37e44c0ec,149,23.2214,36.36574,91,90,31-05-15 19:37:00,SALERNO,88
0x0fe9acdb3675a8a2942fafbd4af61bc37e44c0ec,15,23.2307,36.36547,92,90,31-05-15 19:39:00,SALERNO,88
0x0fe9acdb3675a8a2942fafbd4af61bc37e44c0ec,15,23.2409,36.36516,92,90,31-05-15 19:41:00,SALERNO,88
0x0fe9acdb3675a8a2942fafbd4af61bc37e44c0ec,151,23.2525,36.36469,92,90,31-05-15 19:43:00,SALERNO,88
0x0fe9acdb3675a8a2942fafbd4af61bc37e44c0ec,152,23.2638,36.36427,92,90,31-05-15 19:45:00,SALERNO,88
0x0fe9acdb3675a8a2942fafbd4af61bc37e44c0ec,152,23.2742,36.36382,92,90,31-05-15 19:47:00,SALERNO,88
0x0fe9acdb3675a8a2942fafbd4af61bc37e44c0ec,143,23.2846,36.3644,71,56,31-05-15 19:49:00,SALERNO,88
0x0fe9acdb3675a8a2942fafbd4af61bc37e44c0ec,133,23.2937,36.37304,22,14,31-05-15 19:52:00,SALERNO,88
0x0fe9acdb3675a8a2942fafbd4af61bc37e44c0ec,138,23.2971,36.38302,15,15,31-05-15 19:55:00,SALERNO,88
0x0fe9acdb3675a8a2942fafbd4af61bc37e44c0ec,14,23.3001,36.39119,16,15,31-05-15 19:57:00,SALERNO,88
0x0fe9acdb3675a8a2942fafbd4af61bc37e44c0ec,142,23.3048,36.40268,21,23,31-05-15 20:00:00,SALERNO,88
0x0fe9acdb3675a8a2942fafbd4af61bc37e44c0ec,143,23.3115,36.41427,25,24,31-05-15 20:03:00,SALERNO,88
0x0fe9acdb3675a8a2942fafbd4af61bc37e44c0ec,142,23.3178,36.42499,24,24,31-05-15 20:06:00,SALERNO,88
0x0fe9acdb3675a8a2942fafbd4af61bc37e44c0ec,143,23.3244,36.43623,24,23,31-05-15 20:09:00,SALERNO,88
0x0fe9acdb3675a8a2942fafbd4af61bc37e44c0ec,146,23.3306,36.44714,24,24,31-05-15 20:12:00,SALERNO,88
0x0fe9acdb3675a8a2942fafbd4af61bc37e44c0ec,147,23.3353,36.4554,24,24,31-05-15 20:15:00,SALERNO,88
0x0fe9acdb3675a8a2942fafbd4af61bc37e44c0ec,147,23.3394,36.46283,24,24,31-05-15 20:17:00,SALERNO,88
0x0fe9acdb3675a8a2942fafbd4af61bc37e44c0ec,147,23.3440,36.47121,23,24,31-05-15 20:19:00,SALERNO,88
0x0fe9acdb3675a8a2942fafbd4af61bc37e44c0ec,147,23.3483,36.47864,26,26,31-05-15 20:21:00,SALERNO,88
0x0fe9acdb3675a8a2942fafbd4af61bc37e44c0ec,147,23.3532,36.4867,25,26,31-05-15 20:23:00,SALERNO,88
0x0fe9acdb3675a8a2942fafbd4af61bc37e44c0ec,148,23.3599,36.49775,26,26,31-05-15 20:26:00,SALERNO,88
0x0fe9acdb3675a8a2942fafbd4af61bc37e44c0ec,147,23.3668,36.5093,25,26,31-05-15 20:29:00,SALERNO,88
0x0fe9acdb3675a8a2942fafbd4af61bc37e44c0ec,147,23.3734,36.52047,25,26,31-05-15 20:32:00,SALERNO,88
0x0fe9acdb3675a8a2942fafbd4af61bc37e44c0ec,147,23.3805,36.5322,25,26,31-05-15 20:35:00,SALERNO,88
0x0fe9acdb3675a8a2942fafbd4af61bc37e44c0ec,147,23.3871,36.54321,26,26,31-05-15 20:38:00,SALERNO,88
0x0fe9acdb3675a8a2942fafbd4af61bc37e44c0ec,146,23.3936,36.5544,24,24,31-05-15 20:41:00,SALERNO,88
0x0fe9acdb3675a8a2942fafbd4af61bc37e44c0ec,147,23.3997,36.56549,23,23,31-05-15 20:44:00,SALERNO,88
0x0fe9acdb3675a8a2942fafbd4af61bc37e44c0ec,147,23.4057,36.5769,22,22,31-05-15 20:47:00,SALERNO,88
0x0fe9acdb3675a8a2942fafbd4af61bc37e44c0ec,148,23.4115,36.58845,22,22,31-05-15 20:50:00,SALERNO,88
0x0fe9acdb3675a8a2942fafbd4af61bc37e44c0ec,147,23.4176,36.60007,22,22,31-05-15 20:53:00,SALERNO,88
0x0fe9acdb3675a8a2942fafbd4af61bc37e44c0ec,144,23.4236,36.61167,22,22,31-05-15 20:57:00,SALERNO,88
0x0fe9acdb3675a8a2942fafbd4af61bc37e44c0ec,143,23.4278,36.61972,22,21,31-05-15 20:59:00,SALERNO,88
0x0fe9acdb3675a8a2942fafbd4af61bc37e44c0ec,141,23.4329,36.62962,22,21,31-05-15 21:01:00,SALERNO,88
0x0fe9acdb3675a8a2942fafbd4af61bc37e44c0ec,143,23.4368,36.63741,20,19,31-05-15 21:04:00,SALERNO,88
0x0fe9acdb3675a8a2942fafbd4af61bc37e44c0ec,144,23.4402,36.64495,20,19,31-05-15 21:06:00,SALERNO,88
0x0fe9acdb3675a8a2942fafbd4af61bc37e44c0ec,145,23.4438,36.65252,19,19,31-05-15 21:08:00,SALERNO,88
0x0fe9acdb3675a8a2942fafbd4af61bc37e44c0ec,145,23.4472,36.66005,20,18,31-05-15 21:10:00,SALERNO,88
0x0fe9acdb3675a8a2942fafbd4af61bc37e44c0ec,145,23.4507,36.66804,18,16,31-05-15 21:12:00,SALERNO,88
0x0fe9acdb3675a8a2942fafbd4af61bc37e44c0ec,144,23.4539,36.67624,17,15,31-05-15 21:14:00,SALERNO,88
0x0fe9acdb3675a8a2942fafbd4af61bc37e44c0ec,145,23.4568,36.68415,16,15,31-05-15 21:16:00,SALERNO,88
0x0fe9acdb3675a8a2942fafbd4af61bc37e44c0ec,145,23.4600,36.69238,16,14,31-05-15 21:18:00,SALERNO,88
0x0fe9acdb3675a8a2942fafbd4af61bc37e44c0ec,145,23.4626,36.70017,15,14,31-05-15 21:20:00,SALERNO,88
0x0fe9acdb3675a8a2942fafbd4af61bc37e44c0ec,145,23.4654,36.70826,15,15,31-05-15 21:22:00,SALERNO,88
0x0fe9acdb3675a8a2942fafbd4af61bc37e44c0ec,144,23.4698,36.72028,17,17,31-05-15 21:25:00,SALERNO,88
0x0fe9acdb3675a8a2942fafbd4af61bc37e44c0ec,143,23.4750,36.73157,23,23,31-05-15 21:28:00,SALERNO,88
0x0fe9acdb3675a8a2942fafbd4af61bc37e44c0ec,143,23.4814,36.74237,24,24,31-05-15 21:31:00,SALERNO,88
0x0fe9acdb3675a8a2942fafbd4af61bc37e44c0ec,144,23.4882,36.75424,24,23,31-05-15 21:34:00,SALERNO,88
0x0fe9acdb3675a8a2942fafbd4af61bc37e44c0ec,144,23.4924,36.76185,24,24,31-05-15 21:37:00,SALERNO,88
0x0fe9acdb3675a8a2942fafbd4af61bc37e44c0ec,143,23.4972,36.77025,25,24,31-05-15 21:39:00,SALERNO,88
0x0fe9acdb3675a8a2942fafbd4af61bc37e44c0ec,144,23.5026,36.77928,25,25,31-05-15 21:41:00,SALERNO,88
0x0fe9acdb3675a8a2942fafbd4af61bc37e44c0ec,143,23.5088,36.79016,24,25,31-05-15 21:44:00,SALERNO,88
0x0fe9acdb3675a8a2942fafbd4af61bc37e44c0ec,143,23.5153,36.80141,24,25,31-05-15 21:47:00,SALERNO,88
0x0fe9acdb3675a8a2942fafbd4af61bc37e44c0ec,142,23.5214,36.81215,24,24,31-05-15 21:50:00,SALERNO,88
0x0fe9acdb3675a8a2942fafbd4af61bc37e44c0ec,143,23.5280,36.82276,30,30,31-05-15 21:53:00,SALERNO,88
0x0fe9acdb3675a8a2942fafbd4af61bc37e44c0ec,142,23.5354,36.8332,30,28,31-05-15 21:56:00,SALERNO,88
0x0fe9acdb3675a8a2942fafbd4af61bc37e44c0ec,141,23.5417,36.84386,24,25,31-05-15 21:59:00,SALERNO,88
0x0fe9acdb3675a8a2942fafbd4af61bc37e44c0ec,142,23.5481,36.85503,24,25,31-05-15 22:03:00,SALERNO,88
0x0fe9acdb3675a8a2942fafbd4af61bc37e44c0ec,143,23.5534,36.86442,24,24,31-05-15 22:05:00,SALERNO,88
0x0fe9acdb3675a8a2942fafbd4af61bc37e44c0ec,143,23.5587,36.87382,25,23,31-05-15 22:08:00,SALERNO,88
0x0fe9acdb3675a8a2942fafbd4af61bc37e44c0ec,14,23.5629,36.88605,12,13,31-05-15 22:11:00,SALERNO,88
0x0fe9acdb3675a8a2942fafbd4af61bc37e44c0ec,143,23.5662,36.89752,12,12,31-05-15 22:14:00,SALERNO,88
0x0fe9acdb3675a8a2942fafbd4af61bc37e44c0ec,145,23.5696,36.90945,12,12,31-05-15 22:17:00,SALERNO,88
0x0fe9acdb3675a8a2942fafbd4af61bc37e44c0ec,147,23.5730,36.92173,13,13,31-05-15 22:20:00,SALERNO,88
0x0fe9acdb3675a8a2942fafbd4af61bc37e44c0ec,147,23.5765,36.93408,12,12,31-05-15 22:23:00,SALERNO,88
0x0fe9acdb3675a8a2942fafbd4af61bc37e44c0ec,145,23.5797,36.94608,12,13,31-05-15 22:26:00,SALERNO,88
0x0fe9acdb3675a8a2942fafbd4af61bc37e44c0ec,143,23.5834,36.95817,14,14,31-05-15 22:29:00,SALERNO,88
0x0fe9acdb3675a8a2942fafbd4af61bc37e44c0ec,144,23.5870,36.96988,14,14,31-05-15 22:32:00,SALERNO,88
0x0fe9acdb3675a8a2942fafbd4af61bc37e44c0ec,143,23.5909,36.98133,14,14,31-05-15 22:35:00,SALERNO,88
0x0fe9acdb3675a8a2942fafbd4af61bc37e44c0ec,142,23.5949,36.99325,15,14,31-05-15 22:38:00,SALERNO,88
0x0fe9acdb3675a8a2942fafbd4af61bc37e44c0ec,142,23.5978,37.00165,15,15,31-05-15 22:41:00,SALERNO,88
0x0fe9acdb3675a8a2942fafbd4af61bc37e44c0ec,142,23.6004,37.00937,15,14,31-05-15 22:43:00,SALERNO,88
0x0fe9acdb3675a8a2942fafbd4af61bc37e44c0ec,142,23.6037,37.0192,15,14,31-05-15 22:45:00,SALERNO,88
0x0fe9acdb3675a8a2942fafbd4af61bc37e44c0ec,141,23.6076,37.03072,14,15,31-05-15 22:48:00,SALERNO,88
0x0fe9acdb3675a8a2942fafbd4af61bc37e44c0ec,141,23.6123,37.04601,13,15,31-05-15 22:52:00,SALERNO,88
0x0fe9acdb3675a8a2942fafbd4af61bc37e44c0ec,141,23.6154,37.05628,13,15,31-05-15 22:55:00,SALERNO,88
0x0fe9acdb3675a8a2942fafbd4af61bc37e44c0ec,144,23.6178,37.0643,13,15,31-05-15 22:57:00,SALERNO,88
0x0fe9acdb3675a8a2942fafbd4af61bc37e44c0ec,146,23.6219,37.07851,12,13,31-05-15 23:01:00,SALERNO,88
0x0fe9acdb3675a8a2942fafbd4af61bc37e44c0ec,146,23.6249,37.0893,12,14,31-05-15 23:03:00,SALERNO,88
0x0fe9acdb3675a8a2942fafbd4af61bc37e44c0ec,146,23.6275,37.09888,12,13,31-05-15 23:06:00,SALERNO,88
0x0fe9acdb3675a8a2942fafbd4af61bc37e44c0ec,146,23.6297,37.10649,11,13,31-05-15 23:08:00,SALERNO,88
0x0fe9acdb3675a8a2942fafbd4af61bc37e44c0ec,146,23.6319,37.11513,12,15,31-05-15 23:10:00,SALERNO,88
0x0fe9acdb3675a8a2942fafbd4af61bc37e44c0ec,146,23.6340,37.12317,11,15,31-05-15 23:12:00,SALERNO,88
0x0fe9acdb3675a8a2942fafbd4af61bc37e44c0ec,145,23.6363,37.13105,14,17,31-05-15 23:14:00,SALERNO,88
0x0fe9acdb3675a8a2942fafbd4af61bc37e44c0ec,145,23.6391,37.13974,14,17,31-05-15 23:16:00,SALERNO,88
0x0fe9acdb3675a8a2942fafbd4af61bc37e44c0ec,146,23.6436,37.15255,15,16,31-05-15 23:19:00,SALERNO,88
0x0fe9acdb3675a8a2942fafbd4af61bc37e44c0ec,146,23.6477,37.16472,14,16,31-05-15 23:22:00,SALERNO,88
0x0fe9acdb3675a8a2942fafbd4af61bc37e44c0ec,146,23.6506,37.17331,15,17,31-05-15 23:25:00,SALERNO,88
0x0fe9acdb3675a8a2942fafbd4af61bc37e44c0ec,146,23.6535,37.18115,16,18,31-05-15 23:27:00,SALERNO,88
0x0fe9acdb3675a8a2942fafbd4af61bc37e44c0ec,146,23.6564,37.18906,16,17,31-05-15 23:29:00,SALERNO,88
0x0fe9acdb3675a8a2942fafbd4af61bc37e44c0ec,146,23.6594,37.1972,16,18,31-05-15 23:31:00,SALERNO,88
0x0fe9acdb3675a8a2942fafbd4af61bc37e44c0ec,146,23.6620,37.20501,12,13,31-05-15 23:33:00,SALERNO,88
0x0fe9acdb3675a8a2942fafbd4af61bc37e44c0ec,146,23.6643,37.21294,12,13,31-05-15 23:35:00,SALERNO,88
0x0fe9acdb3675a8a2942fafbd4af61bc37e44c0ec,146,23.6668,37.22169,13,13,31-05-15 23:37:00,SALERNO,88
0x0fe9acdb3675a8a2942fafbd4af61bc37e44c0ec,146,23.6693,37.22997,14,13,31-05-15 23:39:00,SALERNO,88
0x0fe9acdb3675a8a2942fafbd4af61bc37e44c0ec,144,23.6733,37.24208,13,13,31-05-15 23:42:00,SALERNO,88
0x0fe9acdb3675a8a2942fafbd4af61bc37e44c0ec,144,23.6769,37.25461,12,13,31-05-15 23:45:00,SALERNO,88
0x0fe9acdb3675a8a2942fafbd4af61bc37e44c0ec,144,23.6804,37.26643,13,14,31-05-15 23:48:00,SALERNO,88
0x0fe9acdb3675a8a2942fafbd4af61bc37e44c0ec,144,23.6840,37.27839,13,13,31-05-15 23:51:00,SALERNO,88
0x0fe9acdb3675a8a2942fafbd4af61bc37e44c0ec,144,23.6875,37.29001,13,13,31-05-15 23:54:00,SALERNO,88
0x0fe9acdb3675a8a2942fafbd4af61bc37e44c0ec,145,23.6912,37.30171,14,15,31-05-15 23:57:00,SALERNO,88
0x0fe9acdb3675a8a2942fafbd4af61bc37e44c0ec,146,23.6949,37.31362,13,15,01-06-15 00:00:00,SALERNO,88
0x0fe9acdb3675a8a2942fafbd4af61bc37e44c0ec,148,23.6984,37.32557,12,15,01-06-15 00:03:00,SALERNO,88
0x0fe9acdb3675a8a2942fafbd4af61bc37e44c0ec,145,23.7023,37.33798,14,16,01-06-15 00:07:00,SALERNO,88
0x0fe9acdb3675a8a2942fafbd4af61bc37e44c0ec,143,23.7048,37.34556,14,15,01-06-15 00:09:00,SALERNO,88
0x0fe9acdb3675a8a2942fafbd4af61bc37e44c0ec,142,23.7072,37.35325,13,16,01-06-15 00:11:00,SALERNO,88
0x0fe9acdb3675a8a2942fafbd4af61bc37e44c0ec,142,23.7097,37.36099,14,16,01-06-15 00:13:00,SALERNO,88
0x0fe9acdb3675a8a2942fafbd4af61bc37e44c0ec,143,23.7124,37.36901,15,17,01-06-15 00:15:00,SALERNO,88
0x0fe9acdb3675a8a2942fafbd4af61bc37e44c0ec,144,23.7152,37.37661,16,17,01-06-15 00:17:00,SALERNO,88
0x0fe9acdb3675a8a2942fafbd4af61bc37e44c0ec,144,23.7181,37.38476,15,17,01-06-15 00:19:00,SALERNO,88
0x0fe9acdb3675a8a2942fafbd4af61bc37e44c0ec,144,23.7208,37.3924,15,16,01-06-15 00:21:00,SALERNO,88
0x0fe9acdb3675a8a2942fafbd4af61bc37e44c0ec,143,23.7235,37.40022,15,16,01-06-15 00:23:00,SALERNO,88
0x0fe9acdb3675a8a2942fafbd4af61bc37e44c0ec,143,23.7263,37.40788,16,17,01-06-15 00:25:00,SALERNO,88
0x0fe9acdb3675a8a2942fafbd4af61bc37e44c0ec,143,23.7290,37.41545,16,17,01-06-15 00:27:00,SALERNO,88
0x0fe9acdb3675a8a2942fafbd4af61bc37e44c0ec,142,23.7318,37.42301,15,16,01-06-15 00:29:00,SALERNO,88
0x0fe9acdb3675a8a2942fafbd4af61bc37e44c0ec,142,23.7347,37.43067,16,14,01-06-15 00:31:00,SALERNO,88
0x0fe9acdb3675a8a2942fafbd4af61bc37e44c0ec,141,23.7370,37.43831,12,13,01-06-15 00:33:00,SALERNO,88
0x0fe9acdb3675a8a2942fafbd4af61bc37e44c0ec,141,23.7393,37.44597,12,12,01-06-15 00:35:00,SALERNO,88
0x0fe9acdb3675a8a2942fafbd4af61bc37e44c0ec,141,23.7415,37.45355,12,13,01-06-15 00:37:00,SALERNO,88
0x0fe9acdb3675a8a2942fafbd4af61bc37e44c0ec,14,23.7438,37.46129,12,13,01-06-15 00:39:00,SALERNO,88
0x0fe9acdb3675a8a2942fafbd4af61bc37e44c0ec,14,23.7459,37.46889,12,13,01-06-15 00:41:00,SALERNO,88
0x0fe9acdb3675a8a2942fafbd4af61bc37e44c0ec,14,23.7480,37.47644,12,13,01-06-15 00:43:00,SALERNO,88
0x0fe9acdb3675a8a2942fafbd4af61bc37e44c0ec,139,23.7502,37.48404,12,12,01-06-15 00:45:00,SALERNO,88
0x0fe9acdb3675a8a2942fafbd4af61bc37e44c0ec,139,23.7522,37.49162,12,13,01-06-15 00:47:00,SALERNO,88
0x0fe9acdb3675a8a2942fafbd4af61bc37e44c0ec,139,23.7545,37.49963,13,14,01-06-15 00:49:00,SALERNO,88
0x0fe9acdb3675a8a2942fafbd4af61bc37e44c0ec,14,23.7566,37.50726,12,13,01-06-15 00:51:00,SALERNO,88
0x0fe9acdb3675a8a2942fafbd4af61bc37e44c0ec,142,23.7590,37.51496,13,13,01-06-15 00:53:00,SALERNO,88
0x0fe9acdb3675a8a2942fafbd4af61bc37e44c0ec,143,23.7612,37.52269,12,13,01-06-15 00:55:00,SALERNO,88
0x0fe9acdb3675a8a2942fafbd4af61bc37e44c0ec,143,23.7635,37.53044,13,14,01-06-15 00:57:00,SALERNO,88
0x0fe9acdb3675a8a2942fafbd4af61bc37e44c0ec,143,23.7658,37.53831,13,14,01-06-15 00:59:00,SALERNO,88
0x0fe9acdb3675a8a2942fafbd4af61bc37e44c0ec,143,23.7682,37.54598,13,13,01-06-15 01:01:00,SALERNO,88
0x0fe9acdb3675a8a2942fafbd4af61bc37e44c0ec,143,23.7706,37.5537,13,13,01-06-15 01:03:00,SALERNO,88
0x0fe9acdb3675a8a2942fafbd4af61bc37e44c0ec,143,23.7730,37.5613,14,14,01-06-15 01:05:00,SALERNO,88
0x0fe9acdb3675a8a2942fafbd4af61bc37e44c0ec,144,23.7754,37.56917,14,14,01-06-15 01:07:00,SALERNO,88
0x0fe9acdb3675a8a2942fafbd4af61bc37e44c0ec,144,23.7779,37.57681,14,13,01-06-15 01:09:00,SALERNO,88
0x0fe9acdb3675a8a2942fafbd4af61bc37e44c0ec,144,23.7805,37.58463,14,13,01-06-15 01:11:00,SALERNO,88
0x0fe9acdb3675a8a2942fafbd4af61bc37e44c0ec,143,23.7829,37.59242,8,2,01-06-15 01:13:00,SALERNO,88
0x0fe9acdb3675a8a2942fafbd4af61bc37e44c0ec,143,23.7831,37.60081,358,353,01-06-15 01:15:00,SALERNO,88
0x0fe9acdb3675a8a2942fafbd4af61bc37e44c0ec,141,23.7817,37.60866,349,344,01-06-15 01:17:00,SALERNO,88
0x0fe9acdb3675a8a2942fafbd4af61bc37e44c0ec,135,23.7783,37.61582,334,334,01-06-15 01:19:00,SALERNO,88
0x0fe9acdb3675a8a2942fafbd4af61bc37e44c0ec,128,23.7746,37.62243,336,335,01-06-15 01:21:00,SALERNO,88
0x0fe9acdb3675a8a2942fafbd4af61bc37e44c0ec,123,23.7709,37.62919,336,334,01-06-15 01:23:00,SALERNO,88
0x0fe9acdb3675a8a2942fafbd4af61bc37e44c0ec,113,23.7657,37.63866,336,335,01-06-15 01:26:00,SALERNO,88
0x0fe9acdb3675a8a2942fafbd4af61bc37e44c0ec,109,23.7612,37.64711,337,335,01-06-15 01:29:00,SALERNO,88
0x0fe9acdb3675a8a2942fafbd4af61bc37e44c0ec,107,23.7566,37.65598,337,334,01-06-15 01:32:00,SALERNO,88
0x0fe9acdb3675a8a2942fafbd4af61bc37e44c0ec,108,23.7523,37.66428,337,335,01-06-15 01:35:00,SALERNO,88
0x0fe9acdb3675a8a2942fafbd4af61bc37e44c0ec,108,23.7492,37.67037,337,335,01-06-15 01:38:00,SALERNO,88
0x0fe9acdb3675a8a2942fafbd4af61bc37e44c0ec,108,23.7463,37.67588,337,335,01-06-15 01:40:00,SALERNO,88
0x0fe9acdb3675a8a2942fafbd4af61bc37e44c0ec,107,23.7435,37.68137,337,332,01-06-15 01:42:00,SALERNO,88
0x0fe9acdb3675a8a2942fafbd4af61bc37e44c0ec,107,23.7404,37.68682,334,331,01-06-15 01:44:00,SALERNO,88
0x0fe9acdb3675a8a2942fafbd4af61bc37e44c0ec,109,23.7371,37.69222,334,331,01-06-15 01:46:00,SALERNO,88
0x0fe9acdb3675a8a2942fafbd4af61bc37e44c0ec,109,23.7323,37.70001,333,332,01-06-15 01:48:00,SALERNO,88
0x0fe9acdb3675a8a2942fafbd4af61bc37e44c0ec,11,23.7287,37.70588,333,331,01-06-15 01:51:00,SALERNO,88
0x0fe9acdb3675a8a2942fafbd4af61bc37e44c0ec,111,23.7253,37.7114,334,334,01-06-15 01:53:00,SALERNO,88
0x0fe9acdb3675a8a2942fafbd4af61bc37e44c0ec,112,23.7220,37.71701,334,333,01-06-15 01:55:00,SALERNO,88
0x0fe9acdb3675a8a2942fafbd4af61bc37e44c0ec,112,23.7186,37.72258,333,334,01-06-15 01:57:00,SALERNO,88
0x0fe9acdb3675a8a2942fafbd4af61bc37e44c0ec,112,23.7151,37.72817,333,333,01-06-15 01:59:00,SALERNO,88
0x0fe9acdb3675a8a2942fafbd4af61bc37e44c0ec,113,23.7115,37.73387,334,334,01-06-15 02:01:00,SALERNO,88
0x0fe9acdb3675a8a2942fafbd4af61bc37e44c0ec,111,23.7081,37.73951,334,335,01-06-15 02:03:00,SALERNO,88
0x0fe9acdb3675a8a2942fafbd4af61bc37e44c0ec,11,23.7050,37.74507,335,336,01-06-15 02:05:00,SALERNO,88
0x0fe9acdb3675a8a2942fafbd4af61bc37e44c0ec,99,23.7017,37.75079,335,336,01-06-15 02:07:00,SALERNO,88
0x0fe9acdb3675a8a2942fafbd4af61bc37e44c0ec,92,23.6989,37.7556,335,336,01-06-15 02:09:00,SALERNO,88
0x0fe9acdb3675a8a2942fafbd4af61bc37e44c0ec,9,23.6963,37.76022,335,335,01-06-15 02:11:00,SALERNO,88
0x0fe9acdb3675a8a2942fafbd4af61bc37e44c0ec,89,23.6937,37.7647,335,336,01-06-15 02:13:00,SALERNO,88
0x0fe9acdb3675a8a2942fafbd4af61bc37e44c0ec,89,23.6909,37.76966,335,335,01-06-15 02:15:00,SALERNO,88
0x0fe9acdb3675a8a2942fafbd4af61bc37e44c0ec,88,23.6884,37.77413,335,336,01-06-15 02:17:00,SALERNO,88
0x0fe9acdb3675a8a2942fafbd4af61bc37e44c0ec,88,23.6859,37.77868,335,336,01-06-15 02:19:00,SALERNO,88
0x0fe9acdb3675a8a2942fafbd4af61bc37e44c0ec,88,23.6835,37.78317,338,338,01-06-15 02:21:00,SALERNO,88
0x0fe9acdb3675a8a2942fafbd4af61bc37e44c0ec,87,23.6810,37.78806,336,335,01-06-15 02:23:00,SALERNO,88
0x0fe9acdb3675a8a2942fafbd4af61bc37e44c0ec,87,23.6771,37.79501,337,338,01-06-15 02:26:00,SALERNO,88
0x0fe9acdb3675a8a2942fafbd4af61bc37e44c0ec,87,23.6736,37.80185,337,338,01-06-15 02:29:00,SALERNO,88
0x0fe9acdb3675a8a2942fafbd4af61bc37e44c0ec,87,23.6703,37.80862,339,339,01-06-15 02:32:00,SALERNO,88
0x0fe9acdb3675a8a2942fafbd4af61bc37e44c0ec,87,23.6669,37.81548,338,337,01-06-15 02:35:00,SALERNO,88
0x0fe9acdb3675a8a2942fafbd4af61bc37e44c0ec,87,23.6635,37.82224,338,338,01-06-15 02:38:00,SALERNO,88
0x0fe9acdb3675a8a2942fafbd4af61bc37e44c0ec,86,23.6601,37.82897,338,338,01-06-15 02:41:00,SALERNO,88
0x0fe9acdb3675a8a2942fafbd4af61bc37e44c0ec,86,23.6568,37.83564,337,336,01-06-15 02:44:00,SALERNO,88
0x0fe9acdb3675a8a2942fafbd4af61bc37e44c0ec,86,23.6533,37.84233,337,336,01-06-15 02:47:00,SALERNO,88
0x0fe9acdb3675a8a2942fafbd4af61bc37e44c0ec,87,23.6496,37.84931,337,337,01-06-15 02:50:00,SALERNO,88
0x0fe9acdb3675a8a2942fafbd4af61bc37e44c0ec,87,23.6459,37.85598,334,334,01-06-15 02:53:00,SALERNO,88
0x0fe9acdb3675a8a2942fafbd4af61bc37e44c0ec,89,23.6420,37.8628,335,335,01-06-15 02:56:00,SALERNO,88
0x0fe9acdb3675a8a2942fafbd4af61bc37e44c0ec,89,23.6382,37.86954,335,334,01-06-15 02:59:00,SALERNO,88
0x0fe9acdb3675a8a2942fafbd4af61bc37e44c0ec,9,23.6353,37.87457,335,327,01-06-15 03:02:00,SALERNO,88
0x0fe9acdb3675a8a2942fafbd4af61bc37e44c0ec,87,23.6318,37.87853,319,316,01-06-15 03:04:00,SALERNO,88
0x0fe9acdb3675a8a2942fafbd4af61bc37e44c0ec,89,23.6275,37.88242,317,316,01-06-15 03:06:00,SALERNO,88
0x0fe9acdb3675a8a2942fafbd4af61bc37e44c0ec,73,23.6235,37.88572,317,316,01-06-15 03:08:00,SALERNO,88
0x0fe9acdb3675a8a2942fafbd4af61bc37e44c0ec,66,23.6204,37.88847,320,324,01-06-15 03:10:00,SALERNO,88
0x0fe9acdb3675a8a2942fafbd4af61bc37e44c0ec,65,23.6178,37.89143,327,330,01-06-15 03:12:00,SALERNO,88
0x0fe9acdb3675a8a2942fafbd4af61bc37e44c0ec,55,23.6157,37.8944,332,330,01-06-15 03:14:00,SALERNO,88
0x0fe9acdb3675a8a2942fafbd4af61bc37e44c0ec,9,23.6139,37.89658,301,349,01-06-15 03:17:00,SALERNO,88
0x0fe9acdb3675a8a2942fafbd4af61bc37e44c0ec,17,23.6135,37.89679,335,347,01-06-15 03:19:00,SALERNO,88
0x0fe9acdb3675a8a2942fafbd4af61bc37e44c0ec,57,23.6127,37.89906,347,346,01-06-15 03:21:00,SALERNO,88
0x0fe9acdb3675a8a2942fafbd4af61bc37e44c0ec,64,23.6115,37.90254,340,340,01-06-15 03:23:00,SALERNO,88
0x0fe9acdb3675a8a2942fafbd4af61bc37e44c0ec,5,23.6100,37.90569,338,340,01-06-15 03:25:00,SALERNO,88
0x0fe9acdb3675a8a2942fafbd4af61bc37e44c0ec,42,23.6087,37.9082,337,340,01-06-15 03:27:00,SALERNO,88
0x0fe9acdb3675a8a2942fafbd4af61bc37e44c0ec,22,23.6072,37.91057,325,343,01-06-15 03:30:00,SALERNO,88
0x0fe9acdb3675a8a2942fafbd4af61bc37e44c0ec,9,23.6065,37.91105,303,342,01-06-15 03:32:00,SALERNO,88
0x0fe9acdb3675a8a2942fafbd4af61bc37e44c0ec,7,23.6061,37.91133,304,341,01-06-15 03:34:00,SALERNO,88
0x0fe9acdb3675a8a2942fafbd4af61bc37e44c0ec,6,23.6057,37.9114,244,342,01-06-15 03:36:00,SALERNO,88
0x0fe9acdb3675a8a2942fafbd4af61bc37e44c0ec,4,23.6055,37.91125,229,346,01-06-15 03:38:00,SALERNO,88
0x0fe9acdb3675a8a2942fafbd4af61bc37e44c0ec,5,23.6048,37.91057,224,357,01-06-15 03:43:00,SALERNO,88
0x0fe9acdb3675a8a2942fafbd4af61bc37e44c0ec,6,23.6043,37.91015,220,1,01-06-15 03:47:00,SALERNO,88
0x0fe9acdb3675a8a2942fafbd4af61bc37e44c0ec,31,23.6039,37.91158,349,355,01-06-15 03:51:00,SALERNO,88
0x0fe9acdb3675a8a2942fafbd4af61bc37e44c0ec,44,23.6035,37.91375,351,355,01-06-15 03:53:00,SALERNO,88
0x0fe9acdb3675a8a2942fafbd4af61bc37e44c0ec,52,23.6029,37.91647,351,355,01-06-15 03:55:00,SALERNO,88
0x0fe9acdb3675a8a2942fafbd4af61bc37e44c0ec,57,23.6024,37.91957,351,355,01-06-15 03:57:00,SALERNO,88
0x0fe9acdb3675a8a2942fafbd4af61bc37e44c0ec,61,23.6018,37.92311,351,355,01-06-15 03:59:00,SALERNO,88
0x0fe9acdb3675a8a2942fafbd4af61bc37e44c0ec,64,23.6008,37.92834,351,355,01-06-15 04:02:00,SALERNO,88
0x0fe9acdb3675a8a2942fafbd4af61bc37e44c0ec,64,23.6003,37.93369,358,358,01-06-15 04:05:00,SALERNO,88
0x0fe9acdb3675a8a2942fafbd4af61bc37e44c0ec,64,23.6003,37.93911,1,353,01-06-15 04:08:00,SALERNO,88
0x0fe9acdb3675a8a2942fafbd4af61bc37e44c0ec,44,23.5993,37.94341,336,334,01-06-15 04:11:00,SALERNO,88
0x0fe9acdb3675a8a2942fafbd4af61bc37e44c0ec,33,23.5977,37.94644,337,343,01-06-15 04:14:00,SALERNO,88
0x0fe9acdb3675a8a2942fafbd4af61bc37e44c0ec,25,23.5967,37.94956,352,349,01-06-15 04:18:00,SALERNO,88
0x0fe9acdb3675a8a2942fafbd4af61bc37e44c0ec,13,23.5963,37.95203,347,342,01-06-15 04:22:00,SALERNO,88
0x0fe9acdb3675a8a2942fafbd4af61bc37e44c0ec,6,23.5961,37.95245,344,341,01-06-15 04:25:00,SALERNO,88
0x0fe9acdb3675a8a2942fafbd4af61bc37e44c0ec,3,23.5960,37.95255,254,346,01-06-15 04:27:00,SALERNO,88
0x0fe9acdb3675a8a2942fafbd4af61bc37e44c0ec,0,23.5957,37.9526,270,347,01-06-15 04:49:00,SALERNO,88
0x0fe9acdb3675a8a2942fafbd4af61bc37e44c0ec,0,23.5956,37.95278,270,347,01-06-15 05:09:00,SALERNO,88
0x0fe9acdb3675a8a2942fafbd4af61bc37e44c0ec,0,23.5957,37.95263,270,347,01-06-15 05:29:00,SALERNO,88
0x0fe9acdb3675a8a2942fafbd4af61bc37e44c0ec,0,23.5958,37.95266,270,347,01-06-15 05:54:00,SALERNO,88
0x0fe9acdb3675a8a2942fafbd4af61bc37e44c0ec,0,23.5958,37.95265,270,347,01-06-15 06:14:00,SALERNO,88
0x0fe9acdb3675a8a2942fafbd4af61bc37e44c0ec,0,23.5957,37.95262,270,346,01-06-15 06:35:00,SALERNO,88
0x0fe9acdb3675a8a2942fafbd4af61bc37e44c0ec,0,23.5956,37.95263,270,347,01-06-15 06:56:00,SALERNO,88
0x0fe9acdb3675a8a2942fafbd4af61bc37e44c0ec,0,23.5956,37.95263,270,347,01-06-15 06:56:00,SALERNO,88
0x0fe9acdb3675a8a2942fafbd4af61bc37e44c0ec,0,23.5959,37.95261,270,347,01-06-15 07:17:00,SALERNO,88
0x0fe9acdb3675a8a2942fafbd4af61bc37e44c0ec,0,23.5959,37.95264,270,347,01-06-15 07:38:00,SALERNO,88
0x0fe9acdb3675a8a2942fafbd4af61bc37e44c0ec,0,23.5958,37.95261,270,347,01-06-15 07:59:00,SALERNO,88
0x0fe9acdb3675a8a2942fafbd4af61bc37e44c0ec,0,23.5957,37.95262,240,346,01-06-15 08:20:00,SALERNO,88
0x0fe9acdb3675a8a2942fafbd4af61bc37e44c0ec,0,23.5957,37.95264,240,347,01-06-15 08:41:00,SALERNO,88
0x0fe9acdb3675a8a2942fafbd4af61bc37e44c0ec,0,23.5958,37.95258,240,347,01-06-15 09:02:00,SALERNO,88
0x0fe9acdb3675a8a2942fafbd4af61bc37e44c0ec,0,23.5958,37.95285,340,347,01-06-15 09:23:00,SALERNO,88
0x0fe9acdb3675a8a2942fafbd4af61bc37e44c0ec,0,23.5958,37.95285,340,347,01-06-15 09:23:00,SALERNO,88
0x0fe9acdb3675a8a2942fafbd4af61bc37e44c0ec,0,23.5958,37.95261,340,347,01-06-15 09:44:00,SALERNO,88
0x0fe9acdb3675a8a2942fafbd4af61bc37e44c0ec,0,23.5958,37.95271,340,347,01-06-15 10:05:00,SALERNO,88
0x0fe9acdb3675a8a2942fafbd4af61bc37e44c0ec,0,23.5958,37.95267,340,347,01-06-15 10:26:00,SALERNO,88
0x0fe9acdb3675a8a2942fafbd4af61bc37e44c0ec,0,23.5957,37.95267,340,347,01-06-15 10:47:00,SALERNO,88
0x0fe9acdb3675a8a2942fafbd4af61bc37e44c0ec,0,23.5957,37.95273,340,347,01-06-15 11:08:00,SALERNO,88
0x0fe9acdb3675a8a2942fafbd4af61bc37e44c0ec,1,23.5958,37.95266,340,347,01-06-15 11:29:00,SALERNO,88
0x0fe9acdb3675a8a2942fafbd4af61bc37e44c0ec,29,23.5962,37.9498,202,18,01-06-15 11:37:00,SALERNO,88
0x0fe9acdb3675a8a2942fafbd4af61bc37e44c0ec,9,23.5941,37.94901,50,115,01-06-15 11:41:00,PIRAEUS,88
